Workbook

Sheet 在职
A1: 序号 | B1: 姓名 | C1: 区域 | D1: 部门 | E1: 组别 | F1: 岗位 | G1: 入职日期 | H1: 其他 | I1: 辅助列 | J1: 24年剩余调休 | K1: 24年年假使用情况 | N1: 24年已使用育儿假 | O1: 1月 | X1: 2月 | AG1: 1-2月使用年假 | AH1: 24年剩余年假 | AI1: 截至24.2月剩余年假 | AJ1: 3月 | AS1: 4月 | BB1: 5月 | BK1: 6月 | BT1: 7月 | CC1: 8月 | CL1: 9月 | CV1: 10月 | DE1: 11月 | DN1: 12月 | DW1: 25年年假使用情况 | DZ1: 25年总加班情况 | ED1: 25年总请假
K2: 总年假 | L2: 已使用年假 | M2: 剩余年假 | O2: 年假 | P2: 事假h | Q2: 病假 | R2: 其他 | S2: 调休 | T2: 加班 加班费 | U2: 加班 转调休 | V2: 育儿假 | W2: 备注 | X2: 年假 | Y2: 事假h | Z2: 病假 | AA2: 其他 | AB2: 调休 | AC2: 加班 加班费 | AD2: 加班 转调休 | AE2: 育儿假 | AF2: 备注 | AJ2: 年假 | AK2: 事假h | AL2: 病假 | AM2: 其他 | AN2: 调休 | AO2: 加班 加班费 | AP2: 加班 转调休 | AQ2: 育儿假 | AR2: 备注 | AS2: 年假 | AT2: 事假h | AU2: 病假 | AV2: 其他 | AW2: 调休 | AX2: 加班 加班费 | AY2: 加班 转调休 | AZ2: 育儿假 | BA2: 备注 | BB2: 年假 | BC2: 事假h | BD2: 病假 | BE2: 其他 | BF2: 调休 | BG2: 加班 加班费 | BH2: 加班 转调休 | BI2: 育儿假 | BJ2: 备注 | BK2: 年假 | BL2: 事假h | BM2: 病假 | BN2: 其他 | BO2: 调休 | BP2: 加班 加班费 | BQ2: 加班 转调休 | BR2: 育儿假 | BS2: 备注 | BT2: 年假 | BU2: 事假h | BV2: 病假 | BW2: 其他 | BX2: 调休 | BY2: 加班 加班费 | BZ2: 加班 转调休 | CA2: 育儿假 | CB2: 备注 | CC2: 年假 | CD2: 事假h | CE2: 病假 | CF2: 其他 | CG2: 调休 | CH2: 加班 加班费 | CI2: 加班 转调休 | CJ2: 育儿假 | CK2: 备注 | CL2: 年假 | CM2: 事假h | CN2: 病假 | CO2: 其他 | CP2: 调休 | CQ2: 加班 加班费 | CR2: 加班 转调休 | CS2: 育儿假 | CT2: 备注 | CU2: 折算调休数 | CV2: 年假 | CW2: 事假h | CX2: 病假 | CY2: 其他 | CZ2: 调休 | DA2: 加班 加班费 | DB2: 加班 转调休 | DC2: 育儿假 | DD2: 备注 | DE2: 年假 | DF2: 事假h | DG2: 病假 | DH2: 其他 | DI2: 调休 | DJ2: 加班 加班费 | DK2: 加班 转调休 | DL2: 育儿假 | DM2: 备注 | DN2: 年假 | DO2: 事假h | DP2: 病假 | DQ2: 其他 | DR2: 调休 | DS2: 加班 加班费 | DT2: 加班 转调休 | DU2: 育儿假 | DV2: 备注 | DW2: 总年假 | DX2: 已使用 年假 | DY2: 剩余年假 | DZ2: 累计 加班/天 | EA2: 已调 休/天 | EB2: 剩余调休 | EC2: 累计计薪加班/h | ED2: 累计 事假 | EE2: 累计 病假 | EF2: 累计 其他 | EG2: 累计 育儿假
A3: =ROW()-2 -> 1 | B3: 刘其坚 | C3: 上海 | D3: 总经办 | E3: / | F3: CEO | G3: 41933 | H3: 45292 | I3: 45658 | J3: 0 | K3: =ROUND((I3-H3)/365*5,0) -> 5 | L3: 0 | M3: =K3-L3 -> 5 | AG3: =O3+X3 -> 0 | AH3: =M3-AG3 -> 5 | AI3: =IF(AH3<0,AH3,0) -> 0 | DW3: =ROUND((TODAY()-I3)/365*5,2) -> 5.05 | DX3: =-AI3+AJ3+AS3+BB3+BK3+BT3+CC3+CL3+CV3+DE3+DN3 -> 0 | DY3: =DW3-DX3 -> 5.05 | DZ3: =T3+U3+AC3+AD3+AO3+AP3+AX3+AY3++BG3+BH3+BP3+BQ3+BY3+BZ3+CH3+CI3+CQ3+CR3+DA3+DB3+DJ3+DK3+DS3+DT3 -> 0 | EA3: =S3+AB3+AN3+AW3+BF3+BO3+BX3+CG3+CP3+CZ3+DI3+DR3 -> 0 | EB3: =J3+U3-S3+AD3-AB3+AP3-AN3+AY3-AW3+BH3-BF3+BQ3-BO3+BZ3-BX3+CI3-CG3+CR3-CP3+DB3-CZ3+DK3-DI3+DT3-DR3-CU3 -> 0 | EC3: =T3+AC3+AO3+BG3+BP3+BY3+CH3+CQ3+DA3+DA3+DJ3+DS3 -> 0 | ED3: =P3+Y3+AK3+AT3+BC3+BL3+BU3+CD3+CM3+CW3+DF3+DO3 -> 0 | EE3: =Q3+Z3+AL3+AU3+BD3+BM3+BV3+CE3+CN3+CX3+DG3+DP3 -> 0 | EF3: =R3+AA3+AM3+AV3+BE3+BN3+BW3+CF3+CO3+CY3+DH3+DQ3 -> 0 | EG3: =V3+AE3+AQ3+AZ3+BI3+BR3+CA3+CJ3+CS3+DC3+DL3+DU3 -> 0
A4: =ROW()-2 -> 2 | B4: 刘玉 | C4: 上海 | D4: 财务部 | E4: / | F4: 财务专员 | G4: 43563 | H4: 45292 | I4: 45658 | J4: 13 | K4: =ROUND((I4-H4)/365*5,0) -> 5 | L4: 2.5 | M4: =K4-L4 -> 2.5 | O4: 2 | X4: 1 | AD4: 8 | AG4: =O4+X4 -> 3 | AH4: =M4-AG4 -> -0.5 | AI4: =IF(AH4<0,AH4,0) -> -0.5 | AP4: 8 | AS4: 1 | BO4: 5 | BQ4: 3.5 | CH4: 8 | DA4: 8 | DJ4: 5 | DK4: 6 | DW4: =ROUND((TODAY()-I4)/365*5,2) -> 5.05 | DX4: =-AI4+AJ4+AS4+BB4+BK4+BT4+CC4+CL4+CV4+DE4+DN4 -> 1.5 | DY4: =DW4-DX4 -> 3.55 | DZ4: =T4+U4+AC4+AD4+AO4+AP4+AX4+AY4++BG4+BH4+BP4+BQ4+BY4+BZ4+CH4+CI4+CQ4+CR4+DA4+DB4+DJ4+DK4+DS4+DT4 -> 46.5 | EA4: =S4+AB4+AN4+AW4+BF4+BO4+BX4+CG4+CP4+CZ4+DI4+DR4 -> 5 | EB4: =J4+U4-S4+AD4-AB4+AP4-AN4+AY4-AW4+BH4-BF4+BQ4-BO4+BZ4-BX4+CI4-CG4+CR4-CP4+DB4-CZ4+DK4-DI4+DT4-DR4-CU4 -> 33.5 | EC4: =T4+AC4+AO4+BG4+BP4+BY4+CH4+CQ4+DA4+DA4+DJ4+DS4 -> 29 | ED4: =P4+Y4+AK4+AT4+BC4+BL4+BU4+CD4+CM4+CW4+DF4+DO4 -> 0 | EE4: =Q4+Z4+AL4+AU4+BD4+BM4+BV4+CE4+CN4+CX4+DG4+DP4 -> 0 | EF4: =R4+AA4+AM4+AV4+BE4+BN4+BW4+CF4+CO4+CY4+DH4+DQ4 -> 0 | EG4: =V4+AE4+AQ4+AZ4+BI4+BR4+CA4+CJ4+CS4+DC4+DL4+DU4 -> 0
A5: =ROW()-2 -> 3 | B5: 胡生娜 | C5: 上海 | D5: 财务部 | E5: / | F5: 财务总监 | G5: 43983 | H5: 45292 | I5: 45658 | J5: 0 | K5: =ROUND((I5-H5)/365*5,0) -> 5 | L5: 5 | M5: =K5-L5 -> 0 | O5: 0.5 | P5: 0.5 | X5: 0.5 | AG5: =O5+X5 -> 1 | AH5: =M5-AG5 -> -1 | AI5: =IF(AH5<0,AH5,0) -> -1 | AN5: 2 | AP5: 4 | AS5: 1 | AW5: 3 | AY5: 6 | BB5: 1 | BQ5: 5 | BV5: 0.5 | BX5: 10 | CC5: 1 | CZ5: 1 | DB5: 6.5 | DI5: 2 | DP5: 0.5 | DR5: 2 | DS5: 17 | DW5: =ROUND((TODAY()-I5)/365*5,2) -> 5.05 | DX5: =-AI5+AJ5+AS5+BB5+BK5+BT5+CC5+CL5+CV5+DE5+DN5 -> 4 | DY5: =DW5-DX5 -> 1.05 | DZ5: =T5+U5+AC5+AD5+AO5+AP5+AX5+AY5++BG5+BH5+BP5+BQ5+BY5+BZ5+CH5+CI5+CQ5+CR5+DA5+DB5+DJ5+DK5+DS5+DT5 -> 38.5 | EA5: =S5+AB5+AN5+AW5+BF5+BO5+BX5+CG5+CP5+CZ5+DI5+DR5 -> 20 | EB5: =J5+U5-S5+AD5-AB5+AP5-AN5+AY5-AW5+BH5-BF5+BQ5-BO5+BZ5-BX5+CI5-CG5+CR5-CP5+DB5-CZ5+DK5-DI5+DT5-DR5-CU5 -> 1.5 | EC5: =T5+AC5+AO5+BG5+BP5+BY5+CH5+CQ5+DA5+DA5+DJ5+DS5 -> 17 | ED5: =P5+Y5+AK5+AT5+BC5+BL5+BU5+CD5+CM5+CW5+DF5+DO5 -> 0.5 | EE5: =Q5+Z5+AL5+AU5+BD5+BM5+BV5+CE5+CN5+CX5+DG5+DP5 -> 1 | EF5: =R5+AA5+AM5+AV5+BE5+BN5+BW5+CF5+CO5+CY5+DH5+DQ5 -> 0 | EG5: =V5+AE5+AQ5+AZ5+BI5+BR5+CA5+CJ5+CS5+DC5+DL5+DU5 -> 0
A6: =ROW()-2 -> 4 | B6: 邓雅芳 | C6: 上海 | D6: 财务部 | E6: / | F6: 财务主管 | G6: 44531 | H6: 45292 | I6: 45658 | J6: 1.5 | K6: =ROUND((I6-H6)/365*5,0) -> 5 | L6: 5 | M6: =K6-L6 -> 0 | O6: 1 | S6: 6 | U6: 14.5 | X6: 3 | Y6: 1 | AB6: 9.5 | AG6: =O6+X6 -> 4 | AH6: =M6-AG6 -> -4 | AI6: =IF(AH6<0,AH6,0) -> -4 | AN6: 1 | AP6: 12.5 | AQ6: 1 | AW6: 1 | AX6: 7 | AY6: 6.5 | AZ6: 1 | BF6: 9 | BO6: 3 | BP6: 7 | BR6: 3 | BU6: 1 | BX6: 5.5 | CC6: 1 | CD6: 17 | CM6: 10 | CZ6: 2.5 | DB6: 5 | DC6: 1 | DF6: 21.5 | DI6: 1 | DO6: 2.5 | DS6: 11 | DW6: =ROUND((TODAY()-I6)/365*5,2) -> 5.05 | DX6: =-AI6+AJ6+AS6+BB6+BK6+BT6+CC6+CL6+CV6+DE6+DN6 -> 5 | DY6: =DW6-DX6 -> 0.05 | DZ6: =T6+U6+AC6+AD6+AO6+AP6+AX6+AY6++BG6+BH6+BP6+BQ6+BY6+BZ6+CH6+CI6+CQ6+CR6+DA6+DB6+DJ6+DK6+DS6+DT6 -> 63.5 | EA6: =S6+AB6+AN6+AW6+BF6+BO6+BX6+CG6+CP6+CZ6+DI6+DR6 -> 38.5 | EB6: =J6+U6-S6+AD6-AB6+AP6-AN6+AY6-AW6+BH6-BF6+BQ6-BO6+BZ6-BX6+CI6-CG6+CR6-CP6+DB6-CZ6+DK6-DI6+DT6-DR6-CU6 -> 1.5 | EC6: =T6+AC6+AO6+BG6+BP6+BY6+CH6+CQ6+DA6+DA6+DJ6+DS6 -> 18 | ED6: =P6+Y6+AK6+AT6+BC6+BL6+BU6+CD6+CM6+CW6+DF6+DO6 -> 53 | EE6: =Q6+Z6+AL6+AU6+BD6+BM6+BV6+CE6+CN6+CX6+DG6+DP6 -> 0 | EF6: =R6+AA6+AM6+AV6+BE6+BN6+BW6+CF6+CO6+CY6+DH6+DQ6 -> 0 | EG6: =V6+AE6+AQ6+AZ6+BI6+BR6+CA6+CJ6+CS6+DC6+DL6+DU6 -> 6
A7: =ROW()-2 -> 5 | B7: 周彤 | C7: 上海 | D7: 行政部 | E7: / | F7: 行政前台 | G7: 43549 | H7: 45292 | I7: 45658 | J7: 5 | K7: =ROUND((I7-H7)/365*5,0) -> 5 | L7: 3 | M7: =K7-L7 -> 2 | X7: 2 | AG7: =O7+X7 -> 2 | AH7: =M7-AG7 -> 0 | AI7: =IF(AH7<0,AH7,0) -> 0 | AJ7: 0.5 | AN7: 2 | AP7: 14.5 | AW7: 1 | BT7: 1.5 | BX7: 0.5 | BZ7: 16 | CL7: 1.5 | CZ7: 4 | DB7: 5.5 | DI7: 2 | DR7: 1.5 | DT7: 16 | DW7: =ROUND((TODAY()-I7)/365*5,2) -> 5.05 | DX7: =-AI7+AJ7+AS7+BB7+BK7+BT7+CC7+CL7+CV7+DE7+DN7 -> 3.5 | DY7: =DW7-DX7 -> 1.55 | DZ7: =T7+U7+AC7+AD7+AO7+AP7+AX7+AY7++BG7+BH7+BP7+BQ7+BY7+BZ7+CH7+CI7+CQ7+CR7+DA7+DB7+DJ7+DK7+DS7+DT7 -> 52 | EA7: =S7+AB7+AN7+AW7+BF7+BO7+BX7+CG7+CP7+CZ7+DI7+DR7 -> 11 | EB7: =J7+U7-S7+AD7-AB7+AP7-AN7+AY7-AW7+BH7-BF7+BQ7-BO7+BZ7-BX7+CI7-CG7+CR7-CP7+DB7-CZ7+DK7-DI7+DT7-DR7-CU7 -> 46 | EC7: =T7+AC7+AO7+BG7+BP7+BY7+CH7+CQ7+DA7+DA7+DJ7+DS7 -> 0 | ED7: =P7+Y7+AK7+AT7+BC7+BL7+BU7+CD7+CM7+CW7+DF7+DO7 -> 0 | EE7: =Q7+Z7+AL7+AU7+BD7+BM7+BV7+CE7+CN7+CX7+DG7+DP7 -> 0 | EF7: =R7+AA7+AM7+AV7+BE7+BN7+BW7+CF7+CO7+CY7+DH7+DQ7 -> 0 | EG7: =V7+AE7+AQ7+AZ7+BI7+BR7+CA7+CJ7+CS7+DC7+DL7+DU7 -> 0
A8: =ROW()-2 -> 6 | B8: 张晓伟 | C8: 上海 | D8: 行政部 | E8: / | F8: IT网络工程师 | G8: 43577 | H8: 45292 | I8: 45658 | J8: 37 | K8: =ROUND((I8-H8)/365*5,0) -> 5 | L8: 5 | M8: =K8-L8 -> 0 | U8: 8 | AG8: =O8+X8 -> 0 | AH8: =M8-AG8 -> 0 | AI8: =IF(AH8<0,AH8,0) -> 0 | AN8: 5.5 | AP8: 9 | AW8: 1 | AY8: 2 | BH8: 8 | BQ8: 8 | BZ8: 16 | CG8: 1.5 | CI8: 9.5 | CL8: 4 | CR8: 8 | CV8: 0.5 | CZ8: 8 | DR8: 8 | DT8: 16 | DW8: =ROUND((TODAY()-I8)/365*5,2) -> 5.05 | DX8: =-AI8+AJ8+AS8+BB8+BK8+BT8+CC8+CL8+CV8+DE8+DN8 -> 4.5 | DY8: =DW8-DX8 -> 0.55 | DZ8: =T8+U8+AC8+AD8+AO8+AP8+AX8+AY8++BG8+BH8+BP8+BQ8+BY8+BZ8+CH8+CI8+CQ8+CR8+DA8+DB8+DJ8+DK8+DS8+DT8 -> 84.5 | EA8: =S8+AB8+AN8+AW8+BF8+BO8+BX8+CG8+CP8+CZ8+DI8+DR8 -> 24 | EB8: =J8+U8-S8+AD8-AB8+AP8-AN8+AY8-AW8+BH8-BF8+BQ8-BO8+BZ8-BX8+CI8-CG8+CR8-CP8+DB8-CZ8+DK8-DI8+DT8-DR8-CU8 -> 97.5 | EC8: =T8+AC8+AO8+BG8+BP8+BY8+CH8+CQ8+DA8+DA8+DJ8+DS8 -> 0 | ED8: =P8+Y8+AK8+AT8+BC8+BL8+BU8+CD8+CM8+CW8+DF8+DO8 -> 0 | EE8: =Q8+Z8+AL8+AU8+BD8+BM8+BV8+CE8+CN8+CX8+DG8+DP8 -> 0 | EF8: =R8+AA8+AM8+AV8+BE8+BN8+BW8+CF8+CO8+CY8+DH8+DQ8 -> 0 | EG8: =V8+AE8+AQ8+AZ8+BI8+BR8+CA8+CJ8+CS8+DC8+DL8+DU8 -> 0
A9: =ROW()-2 -> 7 | B9: 卢佳 | C9: 上海 | D9: 行政部 | E9: / | F9: 行政主管 | G9: 44144 | H9: 45292 | I9: 45658 | J9: 0 | K9: =ROUND((I9-H9)/365*5,0)*2 -> 10 | L9: 10 | M9: =K9-L9 -> 0 | U9: 3 | X9: 5 | AG9: =O9+X9 -> 5 | AH9: =M9-AG9 -> -5 | AI9: =IF(AH9<0,AH9,0) -> -5 | AS9: 0.5 | AW9: 1 | BD9: 0.5 | BT9: 4.5 | BU9: 4 | BX9: 2 | CD9: 24 | CW9: 1.5 | CZ9: 2 | DB9: 2 | DF9: 2 | DR9: 2.5 | DT9: 18.5 | DW9: =ROUND((TODAY()-I9)/365*5,2)*2 -> 10.1 | DX9: =-AI9+AJ9+AS9+BB9+BK9+BT9+CC9+CL9+CV9+DE9+DN9 -> 10 | DY9: =DW9-DX9 -> 0.1 | DZ9: =T9+U9+AC9+AD9+AO9+AP9+AX9+AY9++BG9+BH9+BP9+BQ9+BY9+BZ9+CH9+CI9+CQ9+CR9+DA9+DB9+DJ9+DK9+DS9+DT9 -> 23.5 | EA9: =S9+AB9+AN9+AW9+BF9+BO9+BX9+CG9+CP9+CZ9+DI9+DR9 -> 7.5 | EB9: =J9+U9-S9+AD9-AB9+AP9-AN9+AY9-AW9+BH9-BF9+BQ9-BO9+BZ9-BX9+CI9-CG9+CR9-CP9+DB9-CZ9+DK9-DI9+DT9-DR9-CU9 -> 16 | EC9: =T9+AC9+AO9+BG9+BP9+BY9+CH9+CQ9+DA9+DA9+DJ9+DS9 -> 0 | ED9: =P9+Y9+AK9+AT9+BC9+BL9+BU9+CD9+CM9+CW9+DF9+DO9 -> 31.5 | EE9: =Q9+Z9+AL9+AU9+BD9+BM9+BV9+CE9+CN9+CX9+DG9+DP9 -> 0.5 | EF9: =R9+AA9+AM9+AV9+BE9+BN9+BW9+CF9+CO9+CY9+DH9+DQ9 -> 0 | EG9: =V9+AE9+AQ9+AZ9+BI9+BR9+CA9+CJ9+CS9+DC9+DL9+DU9 -> 0
A10: =ROW()-2 -> 8 | B10: 周子蛟 | C10: 上海 | D10: 业务一部 | E10: 商务组 | F10: 商务BD | G10: 44256 | H10: 45292 | I10: 45658 | J10: 0 | K10: =ROUND((I10-H10)/365*5,0) -> 5 | L10: 5 | M10: =K10-L10 -> 0 | Y10: 2.5 | AG10: =O10+X10 -> 0 | AH10: =M10-AG10 -> 0 | AI10: =IF(AH10<0,AH10,0) -> 0 | AK10: 8 | AS10: 2 | AT10: 3 | AU10: 1.5 | BB10: 1.5 | BD10: 2 | BE10: 8 | BK10: 1 | BL10: 11 | BT10: 0.5 | BU10: 9.5 | CD10: 2.5 | CE10: 2 | CI10: 12.5 | CM10: 1 | CN10: 1 | CP10: 9.5 | CR10: 5.5 | CZ10: 0.5 | DG10: 2 | DI10: 10.5 | DK10: 6 | DR10: 6.5 | DT10: 11.5 | DW10: =ROUND((TODAY()-I10)/365*5,2) -> 5.05 | DX10: =-AI10+AJ10+AS10+BB10+BK10+BT10+CC10+CL10+CV10+DE10+DN10 -> 5 | DY10: =DW10-DX10 -> 0.05 | DZ10: =T10+U10+AC10+AD10+AO10+AP10+AX10+AY10++BG10+BH10+BP10+BQ10+BY10+BZ10+CH10+CI10+CQ10+CR10+DA10+DB10+DJ10+DK10+DS10+DT10 -> 35.5 | EA10: =S10+AB10+AN10+AW10+BF10+BO10+BX10+CG10+CP10+CZ10+DI10+DR10 -> 27 | EB10: =J10+U10-S10+AD10-AB10+AP10-AN10+AY10-AW10+BH10-BF10+BQ10-BO10+BZ10-BX10+CI10-CG10+CR10-CP10+DB10-CZ10+DK10-DI10+DT10-DR10-CU10 -> 8.5 | EC10: =T10+AC10+AO10+BG10+BP10+BY10+CH10+CQ10+DA10+DA10+DJ10+DS10 -> 0 | ED10: =P10+Y10+AK10+AT10+BC10+BL10+BU10+CD10+CM10+CW10+DF10+DO10 -> 37.5 | EE10: =Q10+Z10+AL10+AU10+BD10+BM10+BV10+CE10+CN10+CX10+DG10+DP10 -> 8.5 | EF10: =R10+AA10+AM10+AV10+BE10+BN10+BW10+CF10+CO10+CY10+DH10+DQ10 -> 8 | EG10: =V10+AE10+AQ10+AZ10+BI10+BR10+CA10+CJ10+CS10+DC10+DL10+DU10 -> 0
A11: =ROW()-2 -> 9 | B11: 胡惜文 | C11: 上海 | D11: 业务一部 | E11: / | F11: 业务一部经理 | G11: 43647 | H11: 45292 | I11: 45658 | J11: 17.42 | K11: =ROUND((I11-H11)/365*5,0) -> 5 | L11: 5 | M11: =K11-L11 -> 0 | O11: 2 | S11: 10.5 | T11: 5 | AB11: 3 | AG11: =O11+X11 -> 2 | AH11: =M11-AG11 -> -2 | AI11: =IF(AH11<0,AH11,0) -> -2 | AJ11: 1 | AN11: 0.5 | AZ11: 2 | BB11: 1 | BH11: 16 | BQ11: 16 | CG11: 1.5 | CL11: 1 | CS11: 2 | DB11: 5.5 | DE11: 1 | DK11: 2 | DW11: =ROUND((TODAY()-I11)/365*5,2)+2.5 -> 7.55 | DX11: =-AI11+AJ11+AS11+BB11+BK11+BT11+CC11+CL11+CV11+DE11+DN11 -> 6 | DY11: =DW11-DX11 -> 1.55 | DZ11: =T11+U11+AC11+AD11+AO11+AP11+AX11+AY11++BG11+BH11+BP11+BQ11+BY11+BZ11+CH11+CI11+CQ11+CR11+DA11+DB11+DJ11+DK11+DS11+DT11 -> 44.5 | EA11: =S11+AB11+AN11+AW11+BF11+BO11+BX11+CG11+CP11+CZ11+DI11+DR11 -> 15.5 | EB11: =J11+U11-S11+AD11-AB11+AP11-AN11+AY11-AW11+BH11-BF11+BQ11-BO11+BZ11-BX11+CI11-CG11+CR11-CP11+DB11-CZ11+DK11-DI11+DT11-DR11-CU11 -> 41.42 | EC11: =T11+AC11+AO11+BG11+BP11+BY11+CH11+CQ11+DA11+DA11+DJ11+DS11 -> 5 | ED11: =P11+Y11+AK11+AT11+BC11+BL11+BU11+CD11+CM11+CW11+DF11+DO11 -> 0 | EE11: =Q11+Z11+AL11+AU11+BD11+BM11+BV11+CE11+CN11+CX11+DG11+DP11 -> 0 | EF11: =R11+AA11+AM11+AV11+BE11+BN11+BW11+CF11+CO11+CY11+DH11+DQ11 -> 0 | EG11: =V11+AE11+AQ11+AZ11+BI11+BR11+CA11+CJ11+CS11+DC11+DL11+DU11 -> 4
A12: =ROW()-2 -> 10 | B12: 何尚杰 | C12: 上海 | D12: 业务一部 | E12: 市场渠道组 | F12: 业务主管 | G12: 43270 | H12: 45292 | I12: 45658 | J12: 5 | K12: =ROUND((I12-H12)/365*5,0) -> 5 | L12: 5 | M12: =K12-L12 -> 0 | O12: 2.5 | P12: 16 | S12: 1 | X12: 0.5 | Y12: 5 | AG12: =O12+X12 -> 3 | AH12: =M12-AG12 -> -3 | AI12: =IF(AH12<0,AH12,0) -> -3 | AN12: 8 | AP12: 8 | AW12: 2.5 | AY12: 32 | BF12: 10.5 | BH12: 15 | BM12: 1.5 | BO12: 28 | BQ12: 28 | BX12: 34 | CC12: 1 | CG12: 4 | CM12: 12 | CN12: 0.5 | CR12: 8 | DB12: 16 | DI12: 12 | DK12: 8 | DR12: 17.5 | DW12: =ROUND((TODAY()-I12)/365*5,2) -> 5.05 | DX12: =-AI12+AJ12+AS12+BB12+BK12+BT12+CC12+CL12+CV12+DE12+DN12 -> 4 | DY12: =DW12-DX12 -> 1.05 | DZ12: =T12+U12+AC12+AD12+AO12+AP12+AX12+AY12++BG12+BH12+BP12+BQ12+BY12+BZ12+CH12+CI12+CQ12+CR12+DA12+DB12+DJ12+DK12+DS12+DT12 -> 115 | EA12: =S12+AB12+AN12+AW12+BF12+BO12+BX12+CG12+CP12+CZ12+DI12+DR12 -> 117.5 | EB12: =J12+U12-S12+AD12-AB12+AP12-AN12+AY12-AW12+BH12-BF12+BQ12-BO12+BZ12-BX12+CI12-CG12+CR12-CP12+DB12-CZ12+DK12-DI12+DT12-DR12-CU12 -> 2.5 | EC12: =T12+AC12+AO12+BG12+BP12+BY12+CH12+CQ12+DA12+DA12+DJ12+DS12 -> 0 | ED12: =P12+Y12+AK12+AT12+BC12+BL12+BU12+CD12+CM12+CW12+DF12+DO12 -> 33 | EE12: =Q12+Z12+AL12+AU12+BD12+BM12+BV12+CE12+CN12+CX12+DG12+DP12 -> 2 | EF12: =R12+AA12+AM12+AV12+BE12+BN12+BW12+CF12+CO12+CY12+DH12+DQ12 -> 0 | EG12: =V12+AE12+AQ12+AZ12+BI12+BR12+CA12+CJ12+CS12+DC12+DL12+DU12 -> 0
A13: =ROW()-2 -> 11 | B13: 饶洁 | C13: 上海 | D13: 业务一部 | E13: 业务运营组 | F13: 业务主管 | G13: 43696 | H13: 45292 | I13: 45658 | J13: 0 | K13: =ROUND((I13-H13)/365*5,0) -> 5 | L13: 5 | M13: =K13-L13 -> 0 | O13: 2 | Q13: 2.5 | X13: 2 | AG13: =O13+X13 -> 4 | AH13: =M13-AG13 -> -4 | AI13: =IF(AH13<0,AH13,0) -> -4 | AJ13: 1 | BH13: 13.5 | CE13: 0.5 | CG13: 4 | CL13: 4 | CP13: 5.5 | DW13: =ROUND((TODAY()-I13)/365*5,2)*2 -> 10.1 | DX13: =-AI13+AJ13+AS13+BB13+BK13+BT13+CC13+CL13+CV13+DE13+DN13 -> 9 | DY13: =DW13-DX13 -> 1.1 | DZ13: =T13+U13+AC13+AD13+AO13+AP13+AX13+AY13++BG13+BH13+BP13+BQ13+BY13+BZ13+CH13+CI13+CQ13+CR13+DA13+DB13+DJ13+DK13+DS13+DT13 -> 13.5 | EA13: =S13+AB13+AN13+AW13+BF13+BO13+BX13+CG13+CP13+CZ13+DI13+DR13 -> 9.5 | EB13: =J13+U13-S13+AD13-AB13+AP13-AN13+AY13-AW13+BH13-BF13+BQ13-BO13+BZ13-BX13+CI13-CG13+CR13-CP13+DB13-CZ13+DK13-DI13+DT13-DR13-CU13 -> 4 | EC13: =T13+AC13+AO13+BG13+BP13+BY13+CH13+CQ13+DA13+DA13+DJ13+DS13 -> 0 | ED13: =P13+Y13+AK13+AT13+BC13+BL13+BU13+CD13+CM13+CW13+DF13+DO13 -> 0 | EE13: =Q13+Z13+AL13+AU13+BD13+BM13+BV13+CE13+CN13+CX13+DG13+DP13 -> 3 | EF13: =R13+AA13+AM13+AV13+BE13+BN13+BW13+CF13+CO13+CY13+DH13+DQ13 -> 0 | EG13: =V13+AE13+AQ13+AZ13+BI13+BR13+CA13+CJ13+CS13+DC13+DL13+DU13 -> 0
A14: =ROW()-2 -> 12 | B14: 黄佳慧 | C14: 上海 | D14: 业务一部 | E14: 新媒体组 | F14: 培训讲师 | G14: 43612 | H14: 45292 | I14: 45658 | J14: 1 | K14: =ROUND((I14-H14)/365*5,0) -> 5 | L14: 5 | M14: =K14-L14 -> 0 | O14: 2 | Q14: 2 | X14: 0.5 | Z14: 1 | AB14: 1 | AG14: =O14+X14 -> 2.5 | AH14: =M14-AG14 -> -2.5 | AI14: =IF(AH14<0,AH14,0) -> -2.5 | AS14: 1 | AT14: 1 | AU14: 1 | BF14: 8 | BH14: 8 | CL14: 1 | CM14: 1 | CV14: 0.5 | CW14: 4 | DF14: 2.5 | DO14: 8 | DW14: =ROUND((TODAY()-I14)/365*5,2) -> 5.05 | DX14: =-AI14+AJ14+AS14+BB14+BK14+BT14+CC14+CL14+CV14+DE14+DN14 -> 5 | DY14: =DW14-DX14 -> 0.05 | DZ14: =T14+U14+AC14+AD14+AO14+AP14+AX14+AY14++BG14+BH14+BP14+BQ14+BY14+BZ14+CH14+CI14+CQ14+CR14+DA14+DB14+DJ14+DK14+DS14+DT14 -> 8 | EA14: =S14+AB14+AN14+AW14+BF14+BO14+BX14+CG14+CP14+CZ14+DI14+DR14 -> 9 | EB14: =J14+U14-S14+AD14-AB14+AP14-AN14+AY14-AW14+BH14-BF14+BQ14-BO14+BZ14-BX14+CI14-CG14+CR14-CP14+DB14-CZ14+DK14-DI14+DT14-DR14-CU14 -> 0 | EC14: =T14+AC14+AO14+BG14+BP14+BY14+CH14+CQ14+DA14+DA14+DJ14+DS14 -> 0 | ED14: =P14+Y14+AK14+AT14+BC14+BL14+BU14+CD14+CM14+CW14+DF14+DO14 -> 16.5 | EE14: =Q14+Z14+AL14+AU14+BD14+BM14+BV14+CE14+CN14+CX14+DG14+DP14 -> 4 | EF14: =R14+AA14+AM14+AV14+BE14+BN14+BW14+CF14+CO14+CY14+DH14+DQ14 -> 0 | EG14: =V14+AE14+AQ14+AZ14+BI14+BR14+CA14+CJ14+CS14+DC14+DL14+DU14 -> 0
A15: =ROW()-2 -> 13 | B15: 刘鑫 | C15: 上海 | D15: 业务一部 | E15: 新媒体组 | F15: 新媒体主管 | G15: 44159 | H15: 45292 | I15: 45658 | J15: 8 | K15: =ROUND((I15-H15)/365*5,0) -> 5 | L15: 5 | M15: =K15-L15 -> 0 | O15: 0.5 | S15: 1 | AG15: =O15+X15 -> 0.5 | AH15: =M15-AG15 -> -0.5 | AI15: =IF(AH15<0,AH15,0) -> -0.5 | AJ15: 1 | AN15: 1 | AS15: 0.5 | BB15: 1.5 | BF15: 1 | BH15: 8 | BT15: 3 | CC15: 1 | CG15: 1 | CP15: 1 | CR15: 8 | DN15: 0.5 | DW15: =ROUND((TODAY()-I15)/365*5,2)*2 -> 10.1 | DX15: =-AI15+AJ15+AS15+BB15+BK15+BT15+CC15+CL15+CV15+DE15+DN15 -> 8 | DY15: =DW15-DX15 -> 2.1 | DZ15: =T15+U15+AC15+AD15+AO15+AP15+AX15+AY15++BG15+BH15+BP15+BQ15+BY15+BZ15+CH15+CI15+CQ15+CR15+DA15+DB15+DJ15+DK15+DS15+DT15 -> 16 | EA15: =S15+AB15+AN15+AW15+BF15+BO15+BX15+CG15+CP15+CZ15+DI15+DR15 -> 5 | EB15: =J15+U15-S15+AD15-AB15+AP15-AN15+AY15-AW15+BH15-BF15+BQ15-BO15+BZ15-BX15+CI15-CG15+CR15-CP15+DB15-CZ15+DK15-DI15+DT15-DR15-CU15 -> 19 | EC15: =T15+AC15+AO15+BG15+BP15+BY15+CH15+CQ15+DA15+DA15+DJ15+DS15 -> 0 | ED15: =P15+Y15+AK15+AT15+BC15+BL15+BU15+CD15+CM15+CW15+DF15+DO15 -> 0 | EE15: =Q15+Z15+AL15+AU15+BD15+BM15+BV15+CE15+CN15+CX15+DG15+DP15 -> 0 | EF15: =R15+AA15+AM15+AV15+BE15+BN15+BW15+CF15+CO15+CY15+DH15+DQ15 -> 0 | EG15: =V15+AE15+AQ15+AZ15+BI15+BR15+CA15+CJ15+CS15+DC15+DL15+DU15 -> 0
A16: =ROW()-2 -> 14 | B16: 屈翎野 | C16: 上海 | D16: 业务一部 | E16: 新媒体组 | F16: 新媒体专员 | G16: 43185 | H16: 45292 | I16: 45658 | J16: 28 | K16: =ROUND((I16-H16)/365*5,0) -> 5 | L16: 4 | M16: =K16-L16 -> 1 | O16: 1 | S16: 0.5 | X16: 1 | AG16: =O16+X16 -> 2 | AH16: =M16-AG16 -> -1 | AI16: =IF(AH16<0,AH16,0) -> -1 | AW16: 9 | BF16: 1 | BK16: 1 | BX16: 1 | CL16: 3 | CV16: 0.5 | DI16: 2 | DN16: 1 | DR16: 3 | DW16: =ROUND((TODAY()-I16)/365*5,2)*2 -> 10.1 | DX16: =-AI16+AJ16+AS16+BB16+BK16+BT16+CC16+CL16+CV16+DE16+DN16 -> 6.5 | DY16: =DW16-DX16 -> 3.6 | DZ16: =T16+U16+AC16+AD16+AO16+AP16+AX16+AY16++BG16+BH16+BP16+BQ16+BY16+BZ16+CH16+CI16+CQ16+CR16+DA16+DB16+DJ16+DK16+DS16+DT16 -> 0 | EA16: =S16+AB16+AN16+AW16+BF16+BO16+BX16+CG16+CP16+CZ16+DI16+DR16 -> 16.5 | EB16: =J16+U16-S16+AD16-AB16+AP16-AN16+AY16-AW16+BH16-BF16+BQ16-BO16+BZ16-BX16+CI16-CG16+CR16-CP16+DB16-CZ16+DK16-DI16+DT16-DR16-CU16 -> 11.5 | EC16: =T16+AC16+AO16+BG16+BP16+BY16+CH16+CQ16+DA16+DA16+DJ16+DS16 -> 0 | ED16: =P16+Y16+AK16+AT16+BC16+BL16+BU16+CD16+CM16+CW16+DF16+DO16 -> 0 | EE16: =Q16+Z16+AL16+AU16+BD16+BM16+BV16+CE16+CN16+CX16+DG16+DP16 -> 0 | EF16: =R16+AA16+AM16+AV16+BE16+BN16+BW16+CF16+CO16+CY16+DH16+DQ16 -> 0 | EG16: =V16+AE16+AQ16+AZ16+BI16+BR16+CA16+CJ16+CS16+DC16+DL16+DU16 -> 0
A17: =ROW()-2 -> 15 | B17: 陆常斌 | C17: 上海 | D17: 业务一部 | E17: 新媒体组 | F17: 视频剪辑 | G17: 44991 | H17: 45292 | I17: 45658 | J17: 0 | K17: =ROUND((I17-H17)/365*5,0) -> 5 | L17: 5 | M17: =K17-L17 -> 0 | O17: 2 | AG17: =O17+X17 -> 2 | AH17: =M17-AG17 -> -2 | AI17: =IF(AH17<0,AH17,0) -> -2 | AN17: 16 | AP17: 16 | BB17: 2 | CR17: 4 | DK17: 4 | DN17: 1 | DT17: 40 | DW17: =ROUND((TODAY()-I17)/365*5,2) -> 5.05 | DX17: =-AI17+AJ17+AS17+BB17+BK17+BT17+CC17+CL17+CV17+DE17+DN17 -> 5 | DY17: =DW17-DX17 -> 0.05 | DZ17: =T17+U17+AC17+AD17+AO17+AP17+AX17+AY17++BG17+BH17+BP17+BQ17+BY17+BZ17+CH17+CI17+CQ17+CR17+DA17+DB17+DJ17+DK17+DS17+DT17 -> 64 | EA17: =S17+AB17+AN17+AW17+BF17+BO17+BX17+CG17+CP17+CZ17+DI17+DR17 -> 16 | EB17: =J17+U17-S17+AD17-AB17+AP17-AN17+AY17-AW17+BH17-BF17+BQ17-BO17+BZ17-BX17+CI17-CG17+CR17-CP17+DB17-CZ17+DK17-DI17+DT17-DR17-CU17 -> 48 | EC17: =T17+AC17+AO17+BG17+BP17+BY17+CH17+CQ17+DA17+DA17+DJ17+DS17 -> 0 | ED17: =P17+Y17+AK17+AT17+BC17+BL17+BU17+CD17+CM17+CW17+DF17+DO17 -> 0 | EE17: =Q17+Z17+AL17+AU17+BD17+BM17+BV17+CE17+CN17+CX17+DG17+DP17 -> 0 | EF17: =R17+AA17+AM17+AV17+BE17+BN17+BW17+CF17+CO17+CY17+DH17+DQ17 -> 0 | EG17: =V17+AE17+AQ17+AZ17+BI17+BR17+CA17+CJ17+CS17+DC17+DL17+DU17 -> 0
A18: =ROW()-2 -> 16 | B18: 孙玉凤 | C18: 上海 | D18: 人力资源部 | E18: / | F18: 人力资源总监 | G18: 43192 | H18: 45292 | I18: 45658 | J18: 66.5 | K18: =ROUND((I18-H18)/365*5,0)*2 -> 10 | L18: 5 | M18: =K18-L18 -> 5 | O18: 2.5 | U18: 10.5 | AB18: 15 | AC18: 15 | AD18: 6 | AG18: =O18+X18 -> 2.5 | AH18: =M18-AG18 -> 2.5 | AI18: =IF(AH18<0,AH18,0) -> 0 | AJ18: 1.5 | AL18: 1 | AP18: 11 | AS18: 1 | AU18: 0.5 | AW18: 5.5 | AY18: 12 | BB18: 0.5 | BH18: 8 | BJ18: 15 | BK18: 0.5 | BM18: 1 | BQ18: 5.5 | BT18: 1 | BZ18: 11.5 | CC18: 0.5 | CE18: 1 | CI18: 6 | CL18: 1 | CR18: 19 | CU18: 77.5 | CV18: 2 | DB18: 8 | DE18: 1 | DK18: 8 | DN18: 1 | DT18: 21 | DW18: =ROUND((TODAY()-I18)/365*5,2)*2 -> 10.1 | DX18: =-AI18+AJ18+AS18+BB18+BK18+BT18+CC18+CL18+CV18+DE18+DN18 -> 10 | DY18: =DW18-DX18 -> 0.1 | DZ18: =T18+U18+AC18+AD18+AO18+AP18+AX18+AY18++BG18+BH18+BP18+BQ18+BY18+BZ18+CH18+CI18+CQ18+CR18+DA18+DB18+DJ18+DK18+DS18+DT18 -> 141.5 | EA18: =S18+AB18+AN18+AW18+BF18+BO18+BX18+CG18+CP18+CZ18+DI18+DR18 -> 20.5 | EB18: =J18+U18-S18+AD18-AB18+AP18-AN18+AY18-AW18+BH18-BF18+BQ18-BO18+BZ18-BX18+CI18-CG18+CR18-CP18+DB18-CZ18+DK18-DI18+DT18-DR18-CU18 -> 95 | EC18: =T18+AC18+AO18+BG18+BP18+BY18+CH18+CQ18+DA18+DA18+DJ18+DS18 -> 15 | ED18: =P18+Y18+AK18+AT18+BC18+BL18+BU18+CD18+CM18+CW18+DF18+DO18 -> 0 | EE18: =Q18+Z18+AL18+AU18+BD18+BM18+BV18+CE18+CN18+CX18+DG18+DP18 -> 3.5 | EF18: =R18+AA18+AM18+AV18+BE18+BN18+BW18+CF18+CO18+CY18+DH18+DQ18 -> 0 | EG18: =V18+AE18+AQ18+AZ18+BI18+BR18+CA18+CJ18+CS18+DC18+DL18+DU18 -> 0
A19: =ROW()-2 -> 17 | B19: 纪志豪 | C19: 上海 | D19: 人力资源部 | E19: / | F19: 资深人事 | G19: 43947 | H19: 45292 | I19: 45658 | J19: 44 | K19: =ROUND((I19-H19)/365*5,0) -> 5 | L19: 5 | M19: =K19-L19 -> 0 | S19: 4 | U19: 25 | AB19: 6.5 | AD19: 5.5 | AG19: =O19+X19 -> 0 | AH19: =M19-AG19 -> 0 | AI19: =IF(AH19<0,AH19,0) -> 0 | AJ19: 4 | AL19: 0.5 | AN19: 9.5 | AP19: 23.5 | AS19: 1 | AV19: 1 | AW19: 6.5 | AY19: 6 | AZ19: 1 | BE19: 8 | BF19: 8.5 | BI19: 0.5 | BO19: 19 | BQ19: 13 | BR19: 0.5 | BV19: 1.5 | BX19: 9 | BZ19: 4 | CG19: 4 | CI19: 13.5 | CR19: 7 | CS19: 3 | CZ19: 12 | DB19: 11.5 | DI19: 4 | DK19: 9.5 | DR19: 10 | DT19: 23 | DW19: =ROUND((TODAY()-I19)/365*5,2) -> 5.05 | DX19: =-AI19+AJ19+AS19+BB19+BK19+BT19+CC19+CL19+CV19+DE19+DN19 -> 5 | DY19: =DW19-DX19 -> 0.05 | DZ19: =T19+U19+AC19+AD19+AO19+AP19+AX19+AY19++BG19+BH19+BP19+BQ19+BY19+BZ19+CH19+CI19+CQ19+CR19+DA19+DB19+DJ19+DK19+DS19+DT19 -> 141.5 | EA19: =S19+AB19+AN19+AW19+BF19+BO19+BX19+CG19+CP19+CZ19+DI19+DR19 -> 93 | EB19: =J19+U19-S19+AD19-AB19+AP19-AN19+AY19-AW19+BH19-BF19+BQ19-BO19+BZ19-BX19+CI19-CG19+CR19-CP19+DB19-CZ19+DK19-DI19+DT19-DR19-CU19 -> 92.5 | EC19: =T19+AC19+AO19+BG19+BP19+BY19+CH19+CQ19+DA19+DA19+DJ19+DS19 -> 0 | ED19: =P19+Y19+AK19+AT19+BC19+BL19+BU19+CD19+CM19+CW19+DF19+DO19 -> 0 | EE19: =Q19+Z19+AL19+AU19+BD19+BM19+BV19+CE19+CN19+CX19+DG19+DP19 -> 2 | EF19: =R19+AA19+AM19+AV19+BE19+BN19+BW19+CF19+CO19+CY19+DH19+DQ19 -> 9 | EG19: =V19+AE19+AQ19+AZ19+BI19+BR19+CA19+CJ19+CS19+DC19+DL19+DU19 -> 5
A20: =ROW()-2 -> 18 | B20: 熊溜溜 | C20: 上海 | D20: 人力资源部 | E20: / | F20: 资深人事 | G20: 44088 | H20: 45292 | I20: 45658 | J20: 0 | K20: =ROUND((I20-H20)/365*5,0) -> 5 | L20: 5 | M20: =K20-L20 -> 0 | Y20: 152 | AG20: =O20+X20 -> 0 | AH20: =M20-AG20 -> 0 | AI20: =IF(AH20<0,AH20,0) -> 0 | AP20: 8 | AV20: 28 | AY20: 5.5 | BH20: 8 | BN20: 38 | BQ20: 7 | CI20: 7.5 | CJ20: 2 | CR20: 7.5 | CS20: 3 | CZ20: 1.5 | DB20: 5 | DE20: 2 | DK20: 19 | DN20: 2 | DR20: 0.5 | DT20: 14 | DW20: =ROUND((TODAY()-I20)/365*5,2) -> 5.05 | DX20: =-AI20+AJ20+AS20+BB20+BK20+BT20+CC20+CL20+CV20+DE20+DN20 -> 4 | DY20: =DW20-DX20 -> 1.05 | DZ20: =T20+U20+AC20+AD20+AO20+AP20+AX20+AY20++BG20+BH20+BP20+BQ20+BY20+BZ20+CH20+CI20+CQ20+CR20+DA20+DB20+DJ20+DK20+DS20+DT20 -> 81.5 | EA20: =S20+AB20+AN20+AW20+BF20+BO20+BX20+CG20+CP20+CZ20+DI20+DR20 -> 2 | EB20: =J20+U20-S20+AD20-AB20+AP20-AN20+AY20-AW20+BH20-BF20+BQ20-BO20+BZ20-BX20+CI20-CG20+CR20-CP20+DB20-CZ20+DK20-DI20+DT20-DR20-CU20 -> 79.5 | EC20: =T20+AC20+AO20+BG20+BP20+BY20+CH20+CQ20+DA20+DA20+DJ20+DS20 -> 0 | ED20: =P20+Y20+AK20+AT20+BC20+BL20+BU20+CD20+CM20+CW20+DF20+DO20 -> 152 | EE20: =Q20+Z20+AL20+AU20+BD20+BM20+BV20+CE20+CN20+CX20+DG20+DP20 -> 0 | EF20: =R20+AA20+AM20+AV20+BE20+BN20+BW20+CF20+CO20+CY20+DH20+DQ20 -> 66 | EG20: =V20+AE20+AQ20+AZ20+BI20+BR20+CA20+CJ20+CS20+DC20+DL20+DU20 -> 5
A21: =ROW()-2 -> 19 | B21: 郭昱伶 | C21: 上海 | D21: 人力资源部 | E21: / | F21: 资深人事 | G21: 44322 | H21: 45292 | I21: 45658 | J21: 0 | K21: =ROUND((I21-H21)/365*5,0) -> 5 | L21: 5 | M21: =K21-L21 -> 0 | O21: 5 | P21: 8 | Y21: 8 | AG21: =O21+X21 -> 5 | AH21: =M21-AG21 -> -5 | AI21: =IF(AH21<0,AH21,0) -> -5 | AP21: 17 | AT21: 5 | AW21: 13.5 | BF21: 2.5 | BM21: 1 | BQ21: 5 | BV21: 1 | BX21: 4 | CD21: 16 | CE21: 0.5 | CG21: 1 | CN21: 1 | CR21: 2 | CZ21: 1.5 | DI21: 1.5 | DN21: 0.5 | DO21: 3.5 | DS21: 16 | DT21: 5.5 | DW21: =ROUND((TODAY()-I21)/365*5,2)+1.5 -> 6.55 | DX21: =-AI21+AJ21+AS21+BB21+BK21+BT21+CC21+CL21+CV21+DE21+DN21 -> 5.5 | DY21: =DW21-DX21 -> 1.05 | DZ21: =T21+U21+AC21+AD21+AO21+AP21+AX21+AY21++BG21+BH21+BP21+BQ21+BY21+BZ21+CH21+CI21+CQ21+CR21+DA21+DB21+DJ21+DK21+DS21+DT21 -> 45.5 | EA21: =S21+AB21+AN21+AW21+BF21+BO21+BX21+CG21+CP21+CZ21+DI21+DR21 -> 24 | EB21: =J21+U21-S21+AD21-AB21+AP21-AN21+AY21-AW21+BH21-BF21+BQ21-BO21+BZ21-BX21+CI21-CG21+CR21-CP21+DB21-CZ21+DK21-DI21+DT21-DR21-CU21 -> 5.5 | EC21: =T21+AC21+AO21+BG21+BP21+BY21+CH21+CQ21+DA21+DA21+DJ21+DS21 -> 16 | ED21: =P21+Y21+AK21+AT21+BC21+BL21+BU21+CD21+CM21+CW21+DF21+DO21 -> 40.5 | EE21: =Q21+Z21+AL21+AU21+BD21+BM21+BV21+CE21+CN21+CX21+DG21+DP21 -> 3.5 | EF21: =R21+AA21+AM21+AV21+BE21+BN21+BW21+CF21+CO21+CY21+DH21+DQ21 -> 0 | EG21: =V21+AE21+AQ21+AZ21+BI21+BR21+CA21+CJ21+CS21+DC21+DL21+DU21 -> 0
A22: =ROW()-2 -> 20 | B22: 李丽萍 | C22: 上海 | D22: 人力资源部 | E22: / | F22: 人事专员 | G22: 44979 | H22: 45292 | I22: 45658 | J22: 0 | K22: =ROUND((I22-H22)/365*5,0) -> 5 | L22: 5.5 | M22: =K22-L22 -> -0.5 | O22: 5 | P22: 9.5 | R22: 1.5 | AG22: =O22+X22 -> 5 | AH22: =M22-AG22 -> -5.5 | AI22: =IF(AH22<0,AH22,0) -> -5.5 | CD22: 6.5 | CJ22: 1 | CS22: 0.5 | CW22: 4.5 | DO22: 3 | DT22: 15 | DW22: =ROUND((TODAY()-I22)/365*5,2) -> 5.05 | DX22: =-AI22+AJ22+AS22+BB22+BK22+BT22+CC22+CL22+CV22+DE22+DN22 -> 5.5 | DY22: =DW22-DX22 -> -0.45 | DZ22: =T22+U22+AC22+AD22+AO22+AP22+AX22+AY22++BG22+BH22+BP22+BQ22+BY22+BZ22+CH22+CI22+CQ22+CR22+DA22+DB22+DJ22+DK22+DS22+DT22 -> 15 | EA22: =S22+AB22+AN22+AW22+BF22+BO22+BX22+CG22+CP22+CZ22+DI22+DR22 -> 0 | EB22: =J22+U22-S22+AD22-AB22+AP22-AN22+AY22-AW22+BH22-BF22+BQ22-BO22+BZ22-BX22+CI22-CG22+CR22-CP22+DB22-CZ22+DK22-DI22+DT22-DR22-CU22 -> 15 | EC22: =T22+AC22+AO22+BG22+BP22+BY22+CH22+CQ22+DA22+DA22+DJ22+DS22 -> 0 | ED22: =P22+Y22+AK22+AT22+BC22+BL22+BU22+CD22+CM22+CW22+DF22+DO22 -> 23.5 | EE22: =Q22+Z22+AL22+AU22+BD22+BM22+BV22+CE22+CN22+CX22+DG22+DP22 -> 0 | EF22: =R22+AA22+AM22+AV22+BE22+BN22+BW22+CF22+CO22+CY22+DH22+DQ22 -> 1.5 | EG22: =V22+AE22+AQ22+AZ22+BI22+BR22+CA22+CJ22+CS22+DC22+DL22+DU22 -> 1.5
A23: =ROW()-2 -> 21 | B23: 郭洁 | C23: 上海 | D23: 产研二部 | E23: 产品部 | F23: 产品部经理 | G23: 43045 | H23: 45292 | I23: 45658 | J23: 4 | K23: =ROUND((I23-H23)/365*5,0) -> 5 | L23: 4.5 | M23: =K23-L23 -> 0.5 | O23: 1 | S23: 2 | X23: 0.5 | AB23: 8 | AD23: 6 | AG23: =O23+X23 -> 1.5 | AH23: =M23-AG23 -> -1 | AI23: =IF(AH23<0,AH23,0) -> -1 | AK23: 3 | AL23: 9 | AP23: 7 | AS23: 1 | AW23: 7 | AY23: 4 | BB23: 2 | BC23: 0.5 | BH23: 4 | BL23: 2.5 | BO23: 2.5 | BP23: 4.5 | BX23: 5.5 | BY23: 14.5 | CD23: 1 | CE23: 1 | CH23: 6 | CL23: 0.5 | CM23: 0 | CQ23: 2.5 | CW23: 6.5 | DK23: 4 | DO23: 24 | DR23: 2.5 | DW23: =ROUND((TODAY()-I23)/365*5,2) -> 5.05 | DX23: =-AI23+AJ23+AS23+BB23+BK23+BT23+CC23+CL23+CV23+DE23+DN23 -> 4.5 | DY23: =DW23-DX23 -> 0.55 | DZ23: =T23+U23+AC23+AD23+AO23+AP23+AX23+AY23++BG23+BH23+BP23+BQ23+BY23+BZ23+CH23+CI23+CQ23+CR23+DA23+DB23+DJ23+DK23+DS23+DT23 -> 52.5 | EA23: =S23+AB23+AN23+AW23+BF23+BO23+BX23+CG23+CP23+CZ23+DI23+DR23 -> 27.5 | EB23: =J23+U23-S23+AD23-AB23+AP23-AN23+AY23-AW23+BH23-BF23+BQ23-BO23+BZ23-BX23+CI23-CG23+CR23-CP23+DB23-CZ23+DK23-DI23+DT23-DR23-CU23 -> 1.5 | EC23: =T23+AC23+AO23+BG23+BP23+BY23+CH23+CQ23+DA23+DA23+DJ23+DS23 -> 27.5 | ED23: =P23+Y23+AK23+AT23+BC23+BL23+BU23+CD23+CM23+CW23+DF23+DO23 -> 37.5 | EE23: =Q23+Z23+AL23+AU23+BD23+BM23+BV23+CE23+CN23+CX23+DG23+DP23 -> 10 | EF23: =R23+AA23+AM23+AV23+BE23+BN23+BW23+CF23+CO23+CY23+DH23+DQ23 -> 0 | EG23: =V23+AE23+AQ23+AZ23+BI23+BR23+CA23+CJ23+CS23+DC23+DL23+DU23 -> 0
A24: =ROW()-2 -> 22 | B24: 毛意伟 | C24: 上海 | D24: 产研二部 | E24: 业务管理一组 | F24: 研发主管（PHP） | G24: 43243 | H24: 45292 | I24: 45658 | J24: 25.5 | K24: =ROUND((I24-H24)/365*5,0) -> 5 | L24: 5 | M24: =K24-L24 -> 0 | S24: 16.5 | AA24: 10 | AB24: 5 | AG24: =O24+X24 -> 0 | AH24: =M24-AG24 -> 0 | AI24: =IF(AH24<0,AH24,0) -> 0 | AJ24: 0.5 | AN24: 4 | AP24: 16 | AS24: 3.5 | AY24: 8 | BF24: 5.5 | BH24: 4 | BO24: 8.5 | BX24: 12 | BZ24: 8 | CG24: 14 | CI24: 8 | CL24: 1 | CO24: 8 | CP24: 3 | CZ24: 9 | DB24: 8 | DC24: 0.5 | DI24: 1 | DK24: 8 | DR24: 3 | DT24: 8 | DU24: 0.5 | DW24: =ROUND((TODAY()-I24)/365*5,2) -> 5.05 | DX24: =-AI24+AJ24+AS24+BB24+BK24+BT24+CC24+CL24+CV24+DE24+DN24 -> 5 | DY24: =DW24-DX24 -> 0.05 | DZ24: =T24+U24+AC24+AD24+AO24+AP24+AX24+AY24++BG24+BH24+BP24+BQ24+BY24+BZ24+CH24+CI24+CQ24+CR24+DA24+DB24+DJ24+DK24+DS24+DT24 -> 68 | EA24: =S24+AB24+AN24+AW24+BF24+BO24+BX24+CG24+CP24+CZ24+DI24+DR24 -> 81.5 | EB24: =J24+U24-S24+AD24-AB24+AP24-AN24+AY24-AW24+BH24-BF24+BQ24-BO24+BZ24-BX24+CI24-CG24+CR24-CP24+DB24-CZ24+DK24-DI24+DT24-DR24-CU24 -> 12 | EC24: =T24+AC24+AO24+BG24+BP24+BY24+CH24+CQ24+DA24+DA24+DJ24+DS24 -> 0 | ED24: =P24+Y24+AK24+AT24+BC24+BL24+BU24+CD24+CM24+CW24+DF24+DO24 -> 0 | EE24: =Q24+Z24+AL24+AU24+BD24+BM24+BV24+CE24+CN24+CX24+DG24+DP24 -> 0 | EF24: =R24+AA24+AM24+AV24+BE24+BN24+BW24+CF24+CO24+CY24+DH24+DQ24 -> 18 | EG24: =V24+AE24+AQ24+AZ24+BI24+BR24+CA24+CJ24+CS24+DC24+DL24+DU24 -> 1
A25: =ROW()-2 -> 23 | B25: 彭鲲 | C25: 上海 | D25: 产研一部 | E25: 教育一组 | F25: 产品经理 | G25: 44270 | H25: 45292 | I25: 45658 | J25: 0 | K25: =ROUND((I25-H25)/365*5,0) -> 5 | L25: 5 | M25: =K25-L25 -> 0 | U25: 16 | AB25: 10 | AG25: =O25+X25 -> 0 | AH25: =M25-AG25 -> 0 | AI25: =IF(AH25<0,AH25,0) -> 0 | AK25: 2 | AN25: 6 | AO25: 8 | AS25: 1 | BB25: 0.5 | BK25: 1.5 | BL25: 1 | BU25: 3 | CD25: 1 | CH25: 16 | CQ25: 8 | CV25: 1 | DJ25: 15.5 | DS25: 16 | DW25: =ROUND((TODAY()-I25)/365*5,2) -> 5.05 | DX25: =-AI25+AJ25+AS25+BB25+BK25+BT25+CC25+CL25+CV25+DE25+DN25 -> 4 | DY25: =DW25-DX25 -> 1.05 | DZ25: =T25+U25+AC25+AD25+AO25+AP25+AX25+AY25++BG25+BH25+BP25+BQ25+BY25+BZ25+CH25+CI25+CQ25+CR25+DA25+DB25+DJ25+DK25+DS25+DT25 -> 79.5 | EA25: =S25+AB25+AN25+AW25+BF25+BO25+BX25+CG25+CP25+CZ25+DI25+DR25 -> 16 | EB25: =J25+U25-S25+AD25-AB25+AP25-AN25+AY25-AW25+BH25-BF25+BQ25-BO25+BZ25-BX25+CI25-CG25+CR25-CP25+DB25-CZ25+DK25-DI25+DT25-DR25-CU25 -> 0 | EC25: =T25+AC25+AO25+BG25+BP25+BY25+CH25+CQ25+DA25+DA25+DJ25+DS25 -> 63.5 | ED25: =P25+Y25+AK25+AT25+BC25+BL25+BU25+CD25+CM25+CW25+DF25+DO25 -> 7 | EE25: =Q25+Z25+AL25+AU25+BD25+BM25+BV25+CE25+CN25+CX25+DG25+DP25 -> 0 | EF25: =R25+AA25+AM25+AV25+BE25+BN25+BW25+CF25+CO25+CY25+DH25+DQ25 -> 0 | EG25: =V25+AE25+AQ25+AZ25+BI25+BR25+CA25+CJ25+CS25+DC25+DL25+DU25 -> 0
A26: =ROW()-2 -> 24 | B26: 王冉冉 | C26: 上海 | D26: 产研二部 | E26: 业务管理一组 | F26: 测试主管 | G26: 44333 | H26: 45292 | I26: 45658 | J26: 49 | K26: =ROUND((I26-H26)/365*5,0) -> 5 | L26: 5 | M26: =K26-L26 -> 0 | Q26: 1 | S26: 40 | U26: 5.5 | Z26: 1 | AB26: 9 | AG26: =O26+X26 -> 0 | AH26: =M26-AG26 -> 0 | AI26: =IF(AH26<0,AH26,0) -> 0 | AJ26: 1 | AK26: 4.5 | AN26: 5.5 | AP26: 14 | AV26: 3 | AW26: 21.5 | AY26: 14 | BF26: 5.5 | BH26: 13 | BK26: 2 | BO26: 8 | BQ26: 21.5 | BX26: 14 | BZ26: 6.5 | CE26: 0.5 | CI26: 11 | CP26: 7.5 | CR26: 13.5 | DB26: 7 | DK26: 14 | DR26: 8 | DT26: 7.5 | DW26: =ROUND((TODAY()-I26)/365*5,2) -> 5.05 | DX26: =-AI26+AJ26+AS26+BB26+BK26+BT26+CC26+CL26+CV26+DE26+DN26 -> 3 | DY26: =DW26-DX26 -> 2.05 | DZ26: =T26+U26+AC26+AD26+AO26+AP26+AX26+AY26++BG26+BH26+BP26+BQ26+BY26+BZ26+CH26+CI26+CQ26+CR26+DA26+DB26+DJ26+DK26+DS26+DT26 -> 127.5 | EA26: =S26+AB26+AN26+AW26+BF26+BO26+BX26+CG26+CP26+CZ26+DI26+DR26 -> 119 | EB26: =J26+U26-S26+AD26-AB26+AP26-AN26+AY26-AW26+BH26-BF26+BQ26-BO26+BZ26-BX26+CI26-CG26+CR26-CP26+DB26-CZ26+DK26-DI26+DT26-DR26-CU26 -> 57.5 | EC26: =T26+AC26+AO26+BG26+BP26+BY26+CH26+CQ26+DA26+DA26+DJ26+DS26 -> 0 | ED26: =P26+Y26+AK26+AT26+BC26+BL26+BU26+CD26+CM26+CW26+DF26+DO26 -> 4.5 | EE26: =Q26+Z26+AL26+AU26+BD26+BM26+BV26+CE26+CN26+CX26+DG26+DP26 -> 2.5 | EF26: =R26+AA26+AM26+AV26+BE26+BN26+BW26+CF26+CO26+CY26+DH26+DQ26 -> 3 | EG26: =V26+AE26+AQ26+AZ26+BI26+BR26+CA26+CJ26+CS26+DC26+DL26+DU26 -> 0
A27: =ROW()-2 -> 25 | B27: 张金凯 | C27: 上海 | D27: 产研二部 | E27: 后台二组 | F27: 测试主管 | G27: 44333 | H27: 45292 | I27: 45658 | J27: 20 | K27: =ROUND((I27-H27)/365*5,0) -> 5 | L27: 5 | M27: =K27-L27 -> 0 | O27: 4.5 | S27: 1.5 | U27: 24 | X27: 0.5 | AB27: 37.5 | AG27: =O27+X27 -> 5 | AH27: =M27-AG27 -> -5 | AI27: =IF(AH27<0,AH27,0) -> -5 | AP27: 32 | AW27: 3 | AY27: 8 | BF27: 34 | BH27: 8 | BQ27: 16 | BX27: 8 | BZ27: 12 | CG27: 4.5 | CI27: 16 | CP27: 26.5 | CR27: 9.5 | CZ27: 24 | DK27: 8 | DT27: 16 | DW27: =ROUND((TODAY()-I27)/365*5,2) -> 5.05 | DX27: =-AI27+AJ27+AS27+BB27+BK27+BT27+CC27+CL27+CV27+DE27+DN27 -> 5 | DY27: =DW27-DX27 -> 0.05 | DZ27: =T27+U27+AC27+AD27+AO27+AP27+AX27+AY27++BG27+BH27+BP27+BQ27+BY27+BZ27+CH27+CI27+CQ27+CR27+DA27+DB27+DJ27+DK27+DS27+DT27 -> 149.5 | EA27: =S27+AB27+AN27+AW27+BF27+BO27+BX27+CG27+CP27+CZ27+DI27+DR27 -> 139 | EB27: =J27+U27-S27+AD27-AB27+AP27-AN27+AY27-AW27+BH27-BF27+BQ27-BO27+BZ27-BX27+CI27-CG27+CR27-CP27+DB27-CZ27+DK27-DI27+DT27-DR27-CU27 -> 30.5 | EC27: =T27+AC27+AO27+BG27+BP27+BY27+CH27+CQ27+DA27+DA27+DJ27+DS27 -> 0 | ED27: =P27+Y27+AK27+AT27+BC27+BL27+BU27+CD27+CM27+CW27+DF27+DO27 -> 0 | EE27: =Q27+Z27+AL27+AU27+BD27+BM27+BV27+CE27+CN27+CX27+DG27+DP27 -> 0 | EF27: =R27+AA27+AM27+AV27+BE27+BN27+BW27+CF27+CO27+CY27+DH27+DQ27 -> 0 | EG27: =V27+AE27+AQ27+AZ27+BI27+BR27+CA27+CJ27+CS27+DC27+DL27+DU27 -> 0
A28: =ROW()-2 -> 26 | B28: 王晓倩 | C28: 上海 | D28: 产研二部 | E28: 业务管理一组 | F28: PHP开发工程师 | G28: 43640 | H28: 45292 | I28: 45658 | J28: 24.5 | K28: =ROUND((I28-H28)/365*5,0) -> 5 | L28: 5 | M28: =K28-L28 -> 0 | O28: 3 | S28: 4 | U28: 7.5 | X28: 2 | AB28: 8 | AG28: =O28+X28 -> 5 | AH28: =M28-AG28 -> -5 | AI28: =IF(AH28<0,AH28,0) -> -5 | AN28: 8 | AP28: 25.5 | AW28: 1 | BE28: 8 | BF28: 8 | BM28: 0.5 | BX28: 29.5 | BZ28: 13 | CG28: 16 | CI28: 8 | CM28: 26.5 | CW28: 8 | DK28: 5 | DO28: 8 | DR28: 5.5 | DW28: =ROUND((TODAY()-I28)/365*5,2) -> 5.05 | DX28: =-AI28+AJ28+AS28+BB28+BK28+BT28+CC28+CL28+CV28+DE28+DN28 -> 5 | DY28: =DW28-DX28 -> 0.05 | DZ28: =T28+U28+AC28+AD28+AO28+AP28+AX28+AY28++BG28+BH28+BP28+BQ28+BY28+BZ28+CH28+CI28+CQ28+CR28+DA28+DB28+DJ28+DK28+DS28+DT28 -> 59 | EA28: =S28+AB28+AN28+AW28+BF28+BO28+BX28+CG28+CP28+CZ28+DI28+DR28 -> 80 | EB28: =J28+U28-S28+AD28-AB28+AP28-AN28+AY28-AW28+BH28-BF28+BQ28-BO28+BZ28-BX28+CI28-CG28+CR28-CP28+DB28-CZ28+DK28-DI28+DT28-DR28-CU28 -> 3.5 | EC28: =T28+AC28+AO28+BG28+BP28+BY28+CH28+CQ28+DA28+DA28+DJ28+DS28 -> 0 | ED28: =P28+Y28+AK28+AT28+BC28+BL28+BU28+CD28+CM28+CW28+DF28+DO28 -> 42.5 | EE28: =Q28+Z28+AL28+AU28+BD28+BM28+BV28+CE28+CN28+CX28+DG28+DP28 -> 0.5 | EF28: =R28+AA28+AM28+AV28+BE28+BN28+BW28+CF28+CO28+CY28+DH28+DQ28 -> 8 | EG28: =V28+AE28+AQ28+AZ28+BI28+BR28+CA28+CJ28+CS28+DC28+DL28+DU28 -> 0
A29: =ROW()-2 -> 27 | B29: 李浩然 | C29: 上海 | D29: 产研二部 | E29: 业务管理一组 | F29: 资深前端开发工程师 | G29: 44305 | H29: 45292 | I29: 45658 | J29: 19.1 | K29: =ROUND((I29-H29)/365*5,0) -> 5 | L29: 5 | M29: =K29-L29 -> 0 | X29: 2 | AB29: 1.5 | AG29: =O29+X29 -> 2 | AH29: =M29-AG29 -> -2 | AI29: =IF(AH29<0,AH29,0) -> -2 | AJ29: 1.5 | AN29: 6.25 | AP29: 10.5 | BH29: 5.5 | BK29: 1.5 | BZ29: 16 | CI29: 6 | CP29: 13 | CZ29: 8 | DI29: 3 | DW29: =ROUND((TODAY()-I29)/365*5,2) -> 5.05 | DX29: =-AI29+AJ29+AS29+BB29+BK29+BT29+CC29+CL29+CV29+DE29+DN29 -> 5 | DY29: =DW29-DX29 -> 0.05 | DZ29: =T29+U29+AC29+AD29+AO29+AP29+AX29+AY29++BG29+BH29+BP29+BQ29+BY29+BZ29+CH29+CI29+CQ29+CR29+DA29+DB29+DJ29+DK29+DS29+DT29 -> 38 | EA29: =S29+AB29+AN29+AW29+BF29+BO29+BX29+CG29+CP29+CZ29+DI29+DR29 -> 31.75 | EB29: =J29+U29-S29+AD29-AB29+AP29-AN29+AY29-AW29+BH29-BF29+BQ29-BO29+BZ29-BX29+CI29-CG29+CR29-CP29+DB29-CZ29+DK29-DI29+DT29-DR29-CU29 -> 25.35 | EC29: =T29+AC29+AO29+BG29+BP29+BY29+CH29+CQ29+DA29+DA29+DJ29+DS29 -> 0 | ED29: =P29+Y29+AK29+AT29+BC29+BL29+BU29+CD29+CM29+CW29+DF29+DO29 -> 0 | EE29: =Q29+Z29+AL29+AU29+BD29+BM29+BV29+CE29+CN29+CX29+DG29+DP29 -> 0 | EF29: =R29+AA29+AM29+AV29+BE29+BN29+BW29+CF29+CO29+CY29+DH29+DQ29 -> 0 | EG29: =V29+AE29+AQ29+AZ29+BI29+BR29+CA29+CJ29+CS29+DC29+DL29+DU29 -> 0
A30: =ROW()-2 -> 28 | B30: 孙唯嘉 | C30: 上海 | D30: 产研二部 | E30: 业务管理一组 | F30: 产品主管 | G30: 44788 | H30: 45292 | I30: 45658 | J30: 0 | K30: =ROUND((I30-H30)/365*5,0) -> 5 | L30: 5 | M30: =K30-L30 -> 0 | O30: 2 | S30: 3 | U30: 3 | X30: 1 | Z30: 0.5 | AD30: 2.5 | AG30: =O30+X30 -> 3 | AH30: =M30-AG30 -> -3 | AI30: =IF(AH30<0,AH30,0) -> -3 | AN30: 6 | AP30: 8.5 | AT30: 2.73 | AW30: 3.47 | BB30: 1 | BC30: 2.5 | BF30: 1.5 | BK30: 1 | BL30: 5.5 | BO30: 14.5 | BQ30: 14.5 | BX30: 2.5 | BZ30: 4 | CD30: 16.5 | CG30: 7.5 | CI30: 6 | CM30: 8 | CP30: 19 | CR30: 19 | CW30: 2 | DI30: 8 | DK30: 17.5 | DO30: 17 | DP30: 1.5 | DR30: 9.5 | DW30: =ROUND((TODAY()-I30)/365*5,2) -> 5.05 | DX30: =-AI30+AJ30+AS30+BB30+BK30+BT30+CC30+CL30+CV30+DE30+DN30 -> 5 | DY30: =DW30-DX30 -> 0.05 | DZ30: =T30+U30+AC30+AD30+AO30+AP30+AX30+AY30++BG30+BH30+BP30+BQ30+BY30+BZ30+CH30+CI30+CQ30+CR30+DA30+DB30+DJ30+DK30+DS30+DT30 -> 75 | EA30: =S30+AB30+AN30+AW30+BF30+BO30+BX30+CG30+CP30+CZ30+DI30+DR30 -> 74.97 | EB30: =J30+U30-S30+AD30-AB30+AP30-AN30+AY30-AW30+BH30-BF30+BQ30-BO30+BZ30-BX30+CI30-CG30+CR30-CP30+DB30-CZ30+DK30-DI30+DT30-DR30-CU30 -> 0.03 | EC30: =T30+AC30+AO30+BG30+BP30+BY30+CH30+CQ30+DA30+DA30+DJ30+DS30 -> 0 | ED30: =P30+Y30+AK30+AT30+BC30+BL30+BU30+CD30+CM30+CW30+DF30+DO30 -> 54.23 | EE30: =Q30+Z30+AL30+AU30+BD30+BM30+BV30+CE30+CN30+CX30+DG30+DP30 -> 2 | EF30: =R30+AA30+AM30+AV30+BE30+BN30+BW30+CF30+CO30+CY30+DH30+DQ30 -> 0 | EG30: =V30+AE30+AQ30+AZ30+BI30+BR30+CA30+CJ30+CS30+DC30+DL30+DU30 -> 0
A31: =ROW()-2 -> 29 | B31: 赵德正 | C31: 上海 | D31: 产研二部 | E31: 业务管理一组 | F31: 前端开发工程师 | G31: 45041 | H31: 45292 | I31: 45658 | J31: 8 | K31: =ROUND((I31-H31)/365*5,0) -> 5 | L31: 4.5 | M31: =K31-L31 -> 0.5 | O31: 2 | X31: 1.5 | Z31: 0.5 | AC31: 8 | AG31: =O31+X31 -> 3.5 | AH31: =M31-AG31 -> -3 | AI31: =IF(AH31<0,AH31,0) -> -3 | AO31: 21 | AP31: 8 | AS31: 2 | AW31: 8 | AX31: 8 | BH31: 8 | BV31: 1 | BZ31: 8 | CM31: 8 | CP31: 24 | DB31: 16 | DI31: 8 | DK31: 8 | DS31: 8 | DW31: =ROUND((TODAY()-I31)/365*5,2) -> 5.05 | DX31: =-AI31+AJ31+AS31+BB31+BK31+BT31+CC31+CL31+CV31+DE31+DN31 -> 5 | DY31: =DW31-DX31 -> 0.05 | DZ31: =T31+U31+AC31+AD31+AO31+AP31+AX31+AY31++BG31+BH31+BP31+BQ31+BY31+BZ31+CH31+CI31+CQ31+CR31+DA31+DB31+DJ31+DK31+DS31+DT31 -> 93 | EA31: =S31+AB31+AN31+AW31+BF31+BO31+BX31+CG31+CP31+CZ31+DI31+DR31 -> 40 | EB31: =J31+U31-S31+AD31-AB31+AP31-AN31+AY31-AW31+BH31-BF31+BQ31-BO31+BZ31-BX31+CI31-CG31+CR31-CP31+DB31-CZ31+DK31-DI31+DT31-DR31-CU31 -> 16 | EC31: =T31+AC31+AO31+BG31+BP31+BY31+CH31+CQ31+DA31+DA31+DJ31+DS31 -> 37 | ED31: =P31+Y31+AK31+AT31+BC31+BL31+BU31+CD31+CM31+CW31+DF31+DO31 -> 8 | EE31: =Q31+Z31+AL31+AU31+BD31+BM31+BV31+CE31+CN31+CX31+DG31+DP31 -> 1.5 | EF31: =R31+AA31+AM31+AV31+BE31+BN31+BW31+CF31+CO31+CY31+DH31+DQ31 -> 0 | EG31: =V31+AE31+AQ31+AZ31+BI31+BR31+CA31+CJ31+CS31+DC31+DL31+DU31 -> 0
A32: =ROW()-2 -> 30 | B32: 王澜滔 | C32: 上海 | D32: 业务一部 | E32: 市场渠道组 | F32: 平面设计 | G32: 43311 | H32: 45292 | I32: 45658 | J32: 4.5 | K32: =ROUND((I32-H32)/365*5,0) -> 5 | L32: 0 | M32: =K32-L32 -> 5 | O32: 4 | S32: 2.5 | X32: 1 | AG32: =O32+X32 -> 5 | AH32: =M32-AG32 -> 0 | AI32: =IF(AH32<0,AH32,0) -> 0 | AS32: 1 | AU32: 1 | BF32: 1 | BK32: 1 | BT32: 1 | CL32: 1 | CM32: 24 | DW32: =ROUND((TODAY()-I32)/365*5,2) -> 5.05 | DX32: =-AI32+AJ32+AS32+BB32+BK32+BT32+CC32+CL32+CV32+DE32+DN32 -> 4 | DY32: =DW32-DX32 -> 1.05 | DZ32: =T32+U32+AC32+AD32+AO32+AP32+AX32+AY32++BG32+BH32+BP32+BQ32+BY32+BZ32+CH32+CI32+CQ32+CR32+DA32+DB32+DJ32+DK32+DS32+DT32 -> 0 | EA32: =S32+AB32+AN32+AW32+BF32+BO32+BX32+CG32+CP32+CZ32+DI32+DR32 -> 3.5 | EB32: =J32+U32-S32+AD32-AB32+AP32-AN32+AY32-AW32+BH32-BF32+BQ32-BO32+BZ32-BX32+CI32-CG32+CR32-CP32+DB32-CZ32+DK32-DI32+DT32-DR32-CU32 -> 1 | EC32: =T32+AC32+AO32+BG32+BP32+BY32+CH32+CQ32+DA32+DA32+DJ32+DS32 -> 0 | ED32: =P32+Y32+AK32+AT32+BC32+BL32+BU32+CD32+CM32+CW32+DF32+DO32 -> 24 | EE32: =Q32+Z32+AL32+AU32+BD32+BM32+BV32+CE32+CN32+CX32+DG32+DP32 -> 1 | EF32: =R32+AA32+AM32+AV32+BE32+BN32+BW32+CF32+CO32+CY32+DH32+DQ32 -> 0 | EG32: =V32+AE32+AQ32+AZ32+BI32+BR32+CA32+CJ32+CS32+DC32+DL32+DU32 -> 0
A33: =ROW()-2 -> 31 | B33: 王依 | C33: 上海 | D33: 产研一部 | E33: 教育三组 | F33: UI设计师 | G33: 43381 | H33: 45292 | I33: 45658 | J33: 1.5 | K33: =ROUND((I33-H33)/365*5,0) -> 5 | L33: 2 | M33: =K33-L33 -> 3 | R33: 0.5 | S33: 1.5 | X33: 3 | AA33: 0.5 | AG33: =O33+X33 -> 3 | AH33: =M33-AG33 -> 0 | AI33: =IF(AH33<0,AH33,0) -> 0 | AJ33: 0.5 | AM33: 0.5 | AU33: 6 | AV33: 0.5 | BD33: 1 | BE33: 1 | BN33: 1 | DW33: =ROUND((TODAY()-I33)/365*5,2) -> 5.05 | DX33: =-AI33+AJ33+AS33+BB33+BK33+BT33+CC33+CL33+CV33+DE33+DN33 -> 0.5 | DY33: =DW33-DX33 -> 4.55 | DZ33: =T33+U33+AC33+AD33+AO33+AP33+AX33+AY33++BG33+BH33+BP33+BQ33+BY33+BZ33+CH33+CI33+CQ33+CR33+DA33+DB33+DJ33+DK33+DS33+DT33 -> 0 | EA33: =S33+AB33+AN33+AW33+BF33+BO33+BX33+CG33+CP33+CZ33+DI33+DR33 -> 1.5 | EB33: =J33+U33-S33+AD33-AB33+AP33-AN33+AY33-AW33+BH33-BF33+BQ33-BO33+BZ33-BX33+CI33-CG33+CR33-CP33+DB33-CZ33+DK33-DI33+DT33-DR33-CU33 -> 0 | EC33: =T33+AC33+AO33+BG33+BP33+BY33+CH33+CQ33+DA33+DA33+DJ33+DS33 -> 0 | ED33: =P33+Y33+AK33+AT33+BC33+BL33+BU33+CD33+CM33+CW33+DF33+DO33 -> 0 | EE33: =Q33+Z33+AL33+AU33+BD33+BM33+BV33+CE33+CN33+CX33+DG33+DP33 -> 7 | EF33: =R33+AA33+AM33+AV33+BE33+BN33+BX33+CF33+CO33+CY33+DH33+DQ33 -> 4 | EG33: =V33+AE33+AQ33+AZ33+BI33+BR33+CA33+CJ33+CS33+DC33+DL33+DU33 -> 0
A34: =ROW()-2 -> 32 | B34: 郝惠军 | C34: 上海 | D34: 产研一部 | E34: 教育一组 | F34: 设计主管 | G34: 43972 | H34: 45292 | I34: 45658 | J34: 43 | K34: =ROUND((I34-H34)/365*5,0) -> 5 | L34: 5 | M34: =K34-L34 -> 0 | O34: 5 | S34: 11 | T34: 8 | U34: 8 | Z34: 2 | AB34: 4.5 | AG34: =O34+X34 -> 5 | AH34: =M34-AG34 -> -5 | AI34: =IF(AH34<0,AH34,0) -> -5 | AN34: 9.5 | AO34: 8 | AP34: 8 | AW34: 8 | AX34: 5.5 | BF34: 3 | BG34: 8 | BH34: 17.5 | BO34: 6 | BQ34: 3.5 | BX34: 1 | BZ34: 8 | CH34: 16 | CI34: 7.5 | CP34: 20.5 | CZ34: 5 | DJ34: 8 | DK34: 3.5 | DR34: 4 | DS34: 8 | DT34: 22.5 | DW34: =ROUND((TODAY()-I34)/365*5,2) -> 5.05 | DX34: =-AI34+AJ34+AS34+BB34+BK34+BT34+CC34+CL34+CV34+DE34+DN34 -> 5 | DY34: =DW34-DX34 -> 0.05 | DZ34: =T34+U34+AC34+AD34+AO34+AP34+AX34+AY34++BG34+BH34+BP34+BQ34+BY34+BZ34+CH34+CI34+CQ34+CR34+DA34+DB34+DJ34+DK34+DS34+DT34 -> 140 | EA34: =S34+AB34+AN34+AW34+BF34+BO34+BX34+CG34+CP34+CZ34+DI34+DR34 -> 72.5 | EB34: =J34+U34-S34+AD34-AB34+AP34-AN34+AY34-AW34+BH34-BF34+BQ34-BO34+BZ34-BX34+CI34-CG34+CR34-CP34+DB34-CZ34+DK34-DI34+DT34-DR34-CU34 -> 49 | EC34: =T34+AC34+AO34+BG34+BP34+BY34+CH34+CQ34+DA34+DA34+DJ34+DS34 -> 56 | ED34: =P34+Y34+AK34+AT34+BC34+BL34+BU34+CD34+CM34+CW34+DF34+DO34 -> 0 | EE34: =Q34+Z34+AL34+AU34+BD34+BM34+BV34+CE34+CN34+CX34+DG34+DP34 -> 2 | EF34: =R34+AA34+AM34+AV34+BE34+BN34+BW34+CF34+CO34+CY34+DH34+DQ34 -> 0 | EG34: =V34+AE34+AQ34+AZ34+BI34+BR34+CA34+CJ34+CS34+DC34+DL34+DU34 -> 0
A35: =ROW()-2 -> 33 | B35: 张潭辉 | C35: 上海 | D35: 产研二部 | E35: 业务管理一组 | F35: UI设计师 | G35: 43972 | H35: 45292 | I35: 45658 | J35: 8 | K35: =ROUND((I35-H35)/365*5,0) -> 5 | L35: 4.5 | M35: =K35-L35 -> 0.5 | X35: 0.5 | AG35: =O35+X35 -> 0.5 | AH35: =M35-AG35 -> 0 | AI35: =IF(AH35<0,AH35,0) -> 0 | AN35: 4 | AS35: 4 | BB35: 0.5 | BF35: 4 | CC35: 0.5 | CD35: 12 | CM35: 8 | DF35: 24 | DW35: =ROUND((TODAY()-I35)/365*5,2) -> 5.05 | DX35: =-AI35+AJ35+AS35+BB35+BK35+BT35+CC35+CL35+CV35+DE35+DN35 -> 5 | DY35: =DW35-DX35 -> 0.05 | DZ35: =T35+U35+AC35+AD35+AO35+AP35+AX35+AY35++BG35+BH35+BP35+BQ35+BY35+BZ35+CH35+CI35+CQ35+CR35+DA35+DB35+DJ35+DK35+DS35+DT35 -> 0 | EA35: =S35+AB35+AN35+AW35+BF35+BO35+BX35+CG35+CP35+CZ35+DI35+DR35 -> 8 | EB35: =J35+U35-S35+AD35-AB35+AP35-AN35+AY35-AW35+BH35-BF35+BQ35-BO35+BZ35-BX35+CI35-CG35+CR35-CP35+DB35-CZ35+DK35-DI35+DT35-DR35-CU35 -> 0 | EC35: =T35+AC35+AO35+BG35+BP35+BY35+CH35+CQ35+DA35+DA35+DJ35+DS35 -> 0 | ED35: =P35+Y35+AK35+AT35+BC35+BL35+BU35+CD35+CM35+CW35+DF35+DO35 -> 44 | EE35: =Q35+Z35+AL35+AU35+BD35+BM35+BV35+CE35+CN35+CX35+DG35+DP35 -> 0 | EF35: =R35+AA35+AM35+AV35+BE35+BN35+BW35+CF35+CO35+CY35+DH35+DQ35 -> 0 | EG35: =V35+AE35+AQ35+AZ35+BI35+BR35+CA35+CJ35+CS35+DC35+DL35+DU35 -> 0
A36: =ROW()-2 -> 34 | B36: 测试王艳 | C36: 上海 | D36: 产研一部 | E36: / | F36: 测试总监 | G36: 44025 | H36: 45292 | I36: 45658 | J36: 0 | K36: =ROUND((I36-H36)/365*5,0)*3 -> 15 | L36: 12 | M36: =K36-L36 -> 3 | O36: 2 | X36: 1 | AG36: =O36+X36 -> 3 | AH36: =M36-AG36 -> 0 | AI36: =IF(AH36<0,AH36,0) -> 0 | AS36: 1 | BK36: 1 | BT36: 1 | DE36: 2 | DN36: 1 | DS36: 16 | DW36: =ROUND((TODAY()-I36)/365*5,2)*3 -> 15.15 | DX36: =-AI36+AJ36+AS36+BB36+BK36+BT36+CC36+CL36+CV36+DE36+DN36 -> 6 | DY36: =DW36-DX36 -> 9.15 | DZ36: =T36+U36+AC36+AD36+AO36+AP36+AX36+AY36++BG36+BH36+BP36+BQ36+BY36+BZ36+CH36+CI36+CQ36+CR36+DA36+DB36+DJ36+DK36+DS36+DT36 -> 16 | EA36: =S36+AB36+AN36+AW36+BF36+BO36+BX36+CG36+CP36+CZ36+DI36+DR36 -> 0 | EB36: =J36+U36-S36+AD36-AB36+AP36-AN36+AY36-AW36+BH36-BF36+BQ36-BO36+BZ36-BX36+CI36-CG36+CR36-CP36+DB36-CZ36+DK36-DI36+DT36-DR36-CU36 -> 0 | EC36: =T36+AC36+AO36+BG36+BP36+BY36+CH36+CQ36+DA36+DA36+DJ36+DS36 -> 16 | ED36: =P36+Y36+AK36+AT36+BC36+BL36+BU36+CD36+CM36+CW36+DF36+DO36 -> 0 | EE36: =Q36+Z36+AL36+AU36+BD36+BM36+BV36+CE36+CN36+CX36+DG36+DP36 -> 0 | EF36: =R36+AA36+AM36+AV36+BE36+BN36+BW36+CF36+CO36+CY36+DH36+DQ36 -> 0 | EG36: =V36+AE36+AQ36+AZ36+BI36+BR36+CA36+CJ36+CS36+DC36+DL36+DU36 -> 0
A37: =ROW()-2 -> 35 | B37: 王付佳 | C37: 上海 | D37: 产研二部 | E37: 业务管理一组 | F37: 前端开发工程师 | G37: 44067 | H37: 45292 | I37: 45658 | J37: 55.5 | K37: =ROUND((I37-H37)/365*5,0) -> 5 | L37: 5 | M37: =K37-L37 -> 0 | O37: 1 | U37: 8 | AA37: 3 | AG37: =O37+X37 -> 1 | AH37: =M37-AG37 -> -1 | AI37: =IF(AH37<0,AH37,0) -> -1 | AO37: 16 | AS37: 3 | AY37: 8 | BH37: 13.5 | BQ37: 5 | CQ37: 14.5 | CV37: 1 | DJ37: 11 | DW37: =ROUND((TODAY()-I37)/365*5,2) -> 5.05 | DX37: =-AI37+AJ37+AS37+BB37+BK37+BT37+CC37+CL37+CV37+DE37+DN37 -> 5 | DY37: =DW37-DX37 -> 0.05 | DZ37: =T37+U37+AC37+AD37+AO37+AP37+AX37+AY37++BG37+BH37+BP37+BQ37+BY37+BZ37+CH37+CI37+CQ37+CR37+DA37+DB37+DJ37+DK37+DS37+DT37 -> 76 | EA37: =S37+AB37+AN37+AW37+BF37+BO37+BX37+CG37+CP37+CZ37+DI37+DR37 -> 0 | EB37: =J37+U37-S37+AD37-AB37+AP37-AN37+AY37-AW37+BH37-BF37+BQ37-BO37+BZ37-BX37+CI37-CG37+CR37-CP37+DB37-CZ37+DK37-DI37+DT37-DR37-CU37 -> 90 | EC37: =T37+AC37+AO37+BG37+BP37+BY37+CH37+CQ37+DA37+DA37+DJ37+DS37 -> 41.5 | ED37: =P37+Y37+AK37+AT37+BC37+BL37+BU37+CD37+CM37+CW37+DF37+DO37 -> 0 | EE37: =Q37+Z37+AL37+AU37+BD37+BM37+BV37+CE37+CN37+CX37+DG37+DP37 -> 0 | EF37: =R37+AA37+AM37+AV37+BE37+BN37+BW37+CF37+CO37+CY37+DH37+DQ37 -> 3 | EG37: =V37+AE37+AQ37+AZ37+BI37+BR37+CA37+CJ37+CS37+DC37+DL37+DU37 -> 0
A38: =ROW()-2 -> 36 | B38: 赵亚楠 | C38: 上海 | D38: 产研一部 | E38: 教育三组 | F38: 测试主管 | G38: 42695 | H38: 45292 | I38: 45658 | J38: 40 | K38: =ROUND((I38-H38)/365*5,0) -> 5 | L38: 5 | M38: =K38-L38 -> 0 | AG38: =O38+X38 -> 0 | AH38: =M38-AG38 -> 0 | AI38: =IF(AH38<0,AH38,0) -> 0 | AV38: 3 | AX38: 8 | AZ38: 1.5 | BF38: 2.5 | BG38: 4 | BI38: 1.5 | BO38: 4.5 | BX38: 4 | CA38: 1.5 | CG38: 3 | CI38: 11 | CP38: 2 | CZ38: 4 | DE38: 1.5 | DI38: 2 | DK38: 23 | DR38: 0.5 | DT38: 21 | DW38: =ROUND((TODAY()-I38)/365*5,2) -> 5.05 | DX38: =-AI38+AJ38+AS38+BB38+BK38+BT38+CC38+CL38+CV38+DE38+DN38 -> 1.5 | DY38: =DW38-DX38 -> 3.55 | DZ38: =T38+U38+AC38+AD38+AO38+AP38+AX38+AY38++BG38+BH38+BP38+BQ38+BY38+BZ38+CH38+CI38+CQ38+CR38+DA38+DB38+DJ38+DK38+DS38+DT38 -> 67 | EA38: =S38+AB38+AN38+AW38+BF38+BO38+BX38+CG38+CP38+CZ38+DI38+DR38 -> 22.5 | EB38: =J38+U38-S38+AD38-AB38+AP38-AN38+AY38-AW38+BH38-BF38+BQ38-BO38+BZ38-BX38+CI38-CG38+CR38-CP38+DB38-CZ38+DK38-DI38+DT38-DR38-CU38 -> 72.5 | EC38: =T38+AC38+AO38+BG38+BP38+BY38+CH38+CQ38+DA38+DA38+DJ38+DS38 -> 4 | ED38: =P38+Y38+AK38+AT38+BC38+BL38+BU38+CD38+CM38+CW38+DF38+DO38 -> 0 | EE38: =Q38+Z38+AL38+AU38+BD38+BM38+BV38+CE38+CN38+CX38+DG38+DP38 -> 0 | EF38: =R38+AA38+AM38+AV38+BE38+BN38+BW38+CF38+CO38+CY38+DH38+DQ38 -> 3 | EG38: =V38+AE38+AQ38+AZ38+BI38+BR38+CA38+CJ38+CS38+DC38+DL38+DU38 -> 4.5
A39: =ROW()-2 -> 37 | B39: 李贵洲 | C39: 上海 | D39: 产研三部 | E39: DIM组 | F39: 研发主管（PHP） | G39: 44068 | H39: 45292 | I39: 45658 | J39: 20 | K39: =ROUND((I39-H39)/365*5,0) -> 5 | L39: 1 | M39: =K39-L39 -> 4 | O39: 3 | T39: 8 | X39: 1 | AG39: =O39+X39 -> 4 | AH39: =M39-AG39 -> 0 | AI39: =IF(AH39<0,AH39,0) -> 0 | AJ39: 1 | AO39: 8 | AS39: 0.5 | BP39: 16 | BY39: 8 | CH39: 16 | CQ39: 16 | DA39: 16 | DJ39: 15 | DS39: 18 | DW39: =ROUND((TODAY()-I39)/365*5,2) -> 5.05 | DX39: =-AI39+AJ39+AS39+BB39+BK39+BT39+CC39+CL39+CV39+DE39+DN39 -> 1.5 | DY39: =DW39-DX39 -> 3.55 | DZ39: =T39+U39+AC39+AD39+AO39+AP39+AX39+AY39++BG39+BH39+BP39+BQ39+BY39+BZ39+CH39+CI39+CQ39+CR39+DA39+DB39+DJ39+DK39+DS39+DT39 -> 121 | EA39: =S39+AB39+AN39+AW39+BF39+BO39+BX39+CG39+CP39+CZ39+DI39+DR39 -> 0 | EB39: =J39+U39-S39+AD39-AB39+AP39-AN39+AY39-AW39+BH39-BF39+BQ39-BO39+BZ39-BX39+CI39-CG39+CR39-CP39+DB39-CZ39+DK39-DI39+DT39-DR39-CU39 -> 20 | EC39: =T39+AC39+AO39+BG39+BP39+BY39+CH39+CQ39+DA39+DA39+DJ39+DS39 -> 137 | ED39: =P39+Y39+AK39+AT39+BC39+BL39+BU39+CD39+CM39+CW39+DF39+DO39 -> 0 | EE39: =Q39+Z39+AL39+AU39+BD39+BM39+BV39+CE39+CN39+CX39+DG39+DP39 -> 0 | EF39: =R39+AA39+AM39+AV39+BE39+BN39+BW39+CF39+CO39+CY39+DH39+DQ39 -> 0 | EG39: =V39+AE39+AQ39+AZ39+BI39+BR39+CA39+CJ39+CS39+DC39+DL39+DU39 -> 0
A40: =ROW()-2 -> 38 | B40: 宛超 | C40: 上海 | D40: 产研三部 | E40: 业务管理二组 | F40: PHP开发工程师 | G40: 43626 | H40: 45292 | I40: 45658 | J40: 25 | K40: =ROUND((I40-H40)/365*5,0) -> 5 | L40: 5 | M40: =K40-L40 -> 0 | U40: 8.5 | AG40: =O40+X40 -> 0 | AH40: =M40-AG40 -> 0 | AI40: =IF(AH40<0,AH40,0) -> 0 | AN40: 8 | AO40: 26.5 | AS40: 0.5 | AW40: 8 | AX40: 16 | BP40: 8 | BT40: 0.5 | BX40: 1.5 | BY40: 19 | CG40: 8 | CH40: 8 | DI40: 4 | DJ40: 16 | DW40: =ROUND((TODAY()-I40)/365*5,2) -> 5.05 | DX40: =-AI40+AJ40+AS40+BB40+BK40+BT40+CC40+CL40+CV40+DE40+DN40 -> 1 | DY40: =DW40-DX40 -> 4.05 | DZ40: =T40+U40+AC40+AD40+AO40+AP40+AX40+AY40++BG40+BH40+BP40+BQ40+BY40+BZ40+CH40+CI40+CQ40+CR40+DA40+DB40+DJ40+DK40+DS40+DT40 -> 102 | EA40: =S40+AB40+AN40+AW40+BF40+BO40+BX40+CG40+CP40+CZ40+DI40+DR40 -> 29.5 | EB40: =J40+U40-S40+AD40-AB40+AP40-AN40+AY40-AW40+BH40-BF40+BQ40-BO40+BZ40-BX40+CI40-CG40+CR40-CP40+DB40-CZ40+DK40-DI40+DT40-DR40-CU40 -> 4 | EC40: =T40+AC40+AO40+BG40+BP40+BY40+CH40+CQ40+DA40+DA40+DJ40+DS40 -> 77.5 | ED40: =P40+Y40+AK40+AT40+BC40+BL40+BU40+CD40+CM40+CW40+DF40+DO40 -> 0 | EE40: =Q40+Z40+AL40+AU40+BD40+BM40+BV40+CE40+CN40+CX40+DG40+DP40 -> 0 | EF40: =R40+AA40+AM40+AV40+BE40+BN40+BW40+CF40+CO40+CY40+DH40+DQ40 -> 0 | EG40: =V40+AE40+AQ40+AZ40+BI40+BR40+CA40+CJ40+CS40+DC40+DL40+DU40 -> 0
A41: =ROW()-2 -> 39 | B41: 王沨 | C41: 上海 | D41: 产研三部 | E41: DIM组 | F41: 测试主管 | G41: 44322 | H41: 45292 | I41: 45658 | J41: 15 | K41: =ROUND((I41-H41)/365*5,0) -> 5 | L41: 2 | M41: =K41-L41 -> 3 | O41: 3 | S41: 3 | X41: 3 | AB41: 8.5 | AG41: =O41+X41 -> 6 | AH41: =M41-AG41 -> -3 | AI41: =IF(AH41<0,AH41,0) -> -3 | AP41: 8 | BF41: 2 | BQ41: 8 | BX41: 1.5 | CG41: 9.5 | CP41: 8 | CR41: 8 | CY41: 5 | CZ41: 2 | DB41: 13.5 | DH41: 3 | DR41: 18 | DW41: =ROUND((TODAY()-I41)/365*5,2) -> 5.05 | DX41: =-AI41+AJ41+AS41+BB41+BK41+BT41+CC41+CL41+CV41+DE41+DN41 -> 3 | DY41: =DW41-DX41 -> 2.05 | DZ41: =T41+U41+AC41+AD41+AO41+AP41+AX41+AY41++BG41+BH41+BP41+BQ41+BY41+BZ41+CH41+CI41+CQ41+CR41+DA41+DB41+DJ41+DK41+DS41+DT41 -> 37.5 | EA41: =S41+AB41+AN41+AW41+BF41+BO41+BX41+CG41+CP41+CZ41+DI41+DR41 -> 52.5 | EB41: =J41+U41-S41+AD41-AB41+AP41-AN41+AY41-AW41+BH41-BF41+BQ41-BO41+BZ41-BX41+CI41-CG41+CR41-CP41+DB41-CZ41+DK41-DI41+DT41-DR41-CU41 -> 0 | EC41: =T41+AC41+AO41+BG41+BP41+BY41+CH41+CQ41+DA41+DA41+DJ41+DS41 -> 0 | ED41: =P41+Y41+AK41+AT41+BC41+BL41+BU41+CD41+CM41+CW41+DF41+DO41 -> 0 | EE41: =Q41+Z41+AL41+AU41+BD41+BM41+BV41+CE41+CN41+CX41+DG41+DP41 -> 0 | EF41: =R41+AA41+AM41+AV41+BE41+BN41+BW41+CF41+CO41+CY41+DH41+DQ41 -> 8 | EG41: =V41+AE41+AQ41+AZ41+BI41+BR41+CA41+CJ41+CS41+DC41+DL41+DU41 -> 0
A42: =ROW()-2 -> 40 | B42: 罗细娟 | C42: 上海 | D42: 产研三部 | E42: BI组 | F42: 数据开发主管 | G42: 44445 | H42: 45292 | I42: 45658 | J42: 2 | K42: =ROUND((I42-H42)/365*5,0) -> 5 | L42: 5 | M42: =K42-L42 -> 0 | O42: 2 | S42: 2 | V42: 1 | X42: 0.5 | AG42: =O42+X42 -> 2.5 | AH42: =M42-AG42 -> -2.5 | AI42: =IF(AH42<0,AH42,0) -> -2.5 | AS42: 1 | AX42: 8 | BQ42: 8 | BR42: 1.5 | BT42: 1.5 | BY42: 16 | CG42: 12 | CH42: 8 | CI42: 12 | CP42: 15 | CQ42: 8 | CR42: 8 | DB42: 8 | DI42: 20.5 | DK42: 16 | DS42: 8 | DW42: =ROUND((TODAY()-I42)/365*5,2) -> 5.05 | DX42: =-AI42+AJ42+AS42+BB42+BK42+BT42+CC42+CL42+CV42+DE42+DN42 -> 5 | DY42: =DW42-DX42 -> 0.05 | DZ42: =T42+U42+AC42+AD42+AO42+AP42+AX42+AY42++BG42+BH42+BP42+BQ42+BY42+BZ42+CH42+CI42+CQ42+CR42+DA42+DB42+DJ42+DK42+DS42+DT42 -> 100 | EA42: =S42+AB42+AN42+AW42+BF42+BO42+BX42+CG42+CP42+CZ42+DI42+DR42 -> 49.5 | EB42: =J42+U42-S42+AD42-AB42+AP42-AN42+AY42-AW42+BH42-BF42+BQ42-BO42+BZ42-BX42+CI42-CG42+CR42-CP42+DB42-CZ42+DK42-DI42+DT42-DR42-CU42 -> 4.5 | EC42: =T42+AC42+AO42+BG42+BP42+BY42+CH42+CQ42+DA42+DA42+DJ42+DS42 -> 40 | ED42: =P42+Y42+AK42+AT42+BC42+BL42+BU42+CD42+CM42+CW42+DF42+DO42 -> 0 | EE42: =Q42+Z42+AL42+AU42+BD42+BM42+BV42+CE42+CN42+CX42+DG42+DP42 -> 0 | EF42: =R42+AA42+AM42+AV42+BE42+BN42+BW42+CF42+CO42+CY42+DH42+DQ42 -> 0 | EG42: =V42+AE42+AQ42+AZ42+BI42+BR42+CA42+CJ42+CS42+DC42+DL42+DU42 -> 2.5
A43: =ROW()-2 -> 41 | B43: 徐姣姣 | C43: 上海 | D43: 产研二部 | E43: 后台一组 | F43: 测试工程师 | G43: 44970 | H43: 45292 | I43: 45658 | J43: 48 | K43: =ROUND((I43-H43)/365*5,0) -> 5 | L43: 4.5 | M43: =K43-L43 -> 0.5 | O43: 2 | S43: 16 | AC43: 8 | AG43: =O43+X43 -> 2 | AH43: =M43-AG43 -> -1.5 | AI43: =IF(AH43<0,AH43,0) -> -1.5 | AK43: 4.5 | AO43: 32 | AS43: 2 | AW43: 17 | BG43: 8 | BP43: 8 | BY43: 16 | CG43: 0.5 | CI43: 24 | CN43: 1 | CP43: 2.5 | CQ43: 8 | CU43: 32 | DA43: 8 | DI43: 0.5 | DJ43: 12 | DW43: =ROUND((TODAY()-I43)/365*5,2) -> 5.05 | DX43: =-AI43+AJ43+AS43+BB43+BK43+BT43+CC43+CL43+CV43+DE43+DN43 -> 3.5 | DY43: =DW43-DX43 -> 1.55 | DZ43: =T43+U43+AC43+AD43+AO43+AP43+AX43+AY43++BG43+BH43+BP43+BQ43+BY43+BZ43+CH43+CI43+CQ43+CR43+DA43+DB43+DJ43+DK43+DS43+DT43 -> 124 | EA43: =S43+AB43+AN43+AW43+BF43+BO43+BX43+CG43+CP43+CZ43+DI43+DR43 -> 36.5 | EB43: =J43+U43-S43+AD43-AB43+AP43-AN43+AY43-AW43+BH43-BF43+BQ43-BO43+BZ43-BX43+CI43-CG43+CR43-CP43+DB43-CZ43+DK43-DI43+DT43-DR43-CU43 -> 3.5 | EC43: =T43+AC43+AO43+BG43+BP43+BY43+CH43+CQ43+DA43+DA43+DJ43+DS43 -> 108 | ED43: =P43+Y43+AK43+AT43+BC43+BL43+BU43+CD43+CM43+CW43+DF43+DO43 -> 4.5 | EE43: =Q43+Z43+AL43+AU43+BD43+BM43+BV43+CE43+CN43+CX43+DG43+DP43 -> 1 | EF43: =R43+AA43+AM43+AV43+BE43+BN43+BW43+CF43+CO43+CY43+DH43+DQ43 -> 0 | EG43: =V43+AE43+AQ43+AZ43+BI43+BR43+CA43+CJ43+CS43+DC43+DL43+DU43 -> 0
A44: =ROW()-2 -> 42 | B44: 李雅珠 | C44: 上海 | D44: 产研一部 | E44: 教育三组 | F44: 产品经理 | G44: 44789 | H44: 45292 | I44: 45658 | J44: 0 | K44: =ROUND((I44-H44)/365*5,0) -> 5 | L44: 5 | M44: =K44-L44 -> 0 | O44: 3.5 | X44: 1 | Y44: 1.5 | Z44: 0.5 | AG44: =O44+X44 -> 4.5 | AH44: =M44-AG44 -> -4.5 | AI44: =IF(AH44<0,AH44,0) -> -4.5 | AJ44: 0.5 | AK44: 4 | AT44: 20 | BC44: 18 | BL44: 8 | BU44: 2 | BZ44: 8 | CI44: 8 | CM44: 28 | CP44: 16 | CW44: 9 | DG44: 0.5 | DT44: 8 | DW44: =ROUND((TODAY()-I44)/365*5,2) -> 5.05 | DX44: =-AI44+AJ44+AS44+BB44+BK44+BT44+CC44+CL44+CV44+DE44+DN44 -> 5 | DY44: =DW44-DX44 -> 0.05 | DZ44: =T44+U44+AC44+AD44+AO44+AP44+AX44+AY44++BG44+BH44+BP44+BQ44+BY44+BZ44+CH44+CI44+CQ44+CR44+DA44+DB44+DJ44+DK44+DS44+DT44 -> 24 | EA44: =S44+AB44+AN44+AW44+BF44+BO44+BX44+CG44+CP44+CZ44+DI44+DR44 -> 16 | EB44: =J44+U44-S44+AD44-AB44+AP44-AN44+AY44-AW44+BH44-BF44+BQ44-BO44+BZ44-BX44+CI44-CG44+CR44-CP44+DB44-CZ44+DK44-DI44+DT44-DR44-CU44 -> 8 | EC44: =T44+AC44+AO44+BG44+BP44+BY44+CH44+CQ44+DA44+DA44+DJ44+DS44 -> 0 | ED44: =P44+Y44+AK44+AT44+BC44+BL44+BU44+CD44+CM44+CW44+DF44+DO44 -> 90.5 | EE44: =Q44+Z44+AL44+AU44+BD44+BM44+BV44+CE44+CN44+CX44+DG44+DP44 -> 1 | EF44: =R44+AA44+AM44+AV44+BE44+BN44+BW44+CF44+CO44+CY44+DH44+DQ44 -> 0 | EG44: =V44+AE44+AQ44+AZ44+BI44+BR44+CA44+CJ44+CS44+DC44+DL44+DU44 -> 0
A45: =ROW()-2 -> 43 | B45: 臧兆鋆 | C45: 上海 | D45: 产研三部 | E45: DIM组 | F45: PHP开发工程师 | G45: 45050 | H45: 45292 | I45: 45658 | J45: 4 | K45: =ROUND((I45-H45)/365*5,0) -> 5 | L45: 5 | M45: =K45-L45 -> 0 | O45: 1 | S45: 1 | X45: 2 | AB45: 3 | AD45: 8 | AG45: =O45+X45 -> 3 | AH45: =M45-AG45 -> -3 | AI45: =IF(AH45<0,AH45,0) -> -3 | AJ45: 1 | AL45: 1 | AP45: 8 | AW45: 8 | AX45: 4 | BC45: 1 | BF45: 8 | BL45: 1 | BU45: 1 | BX45: 4 | BZ45: 4 | CG45: 4 | CI45: 16 | CP45: 2.5 | CQ45: 8 | CR45: 12 | CZ45: 4 | DB45: 20 | DI45: 9.5 | DK45: 5 | DN45: 1 | DR45: 2 | DS45: 9 | DW45: =ROUND((TODAY()-I45)/365*5,2) -> 5.05 | DX45: =-AI45+AJ45+AS45+BB45+BK45+BT45+CC45+CL45+CV45+DE45+DN45 -> 5 | DY45: =DW45-DX45 -> 0.05 | DZ45: =T45+U45+AC45+AD45+AO45+AP45+AX45+AY45++BG45+BH45+BP45+BQ45+BY45+BZ45+CH45+CI45+CQ45+CR45+DA45+DB45+DJ45+DK45+DS45+DT45 -> 94 | EA45: =S45+AB45+AN45+AW45+BF45+BO45+BX45+CG45+CP45+CZ45+DI45+DR45 -> 46 | EB45: =J45+U45-S45+AD45-AB45+AP45-AN45+AY45-AW45+BH45-BF45+BQ45-BO45+BZ45-BX45+CI45-CG45+CR45-CP45+DB45-CZ45+DK45-DI45+DT45-DR45-CU45 -> 31 | EC45: =T45+AC45+AO45+BG45+BP45+BY45+CH45+CQ45+DA45+DA45+DJ45+DS45 -> 17 | ED45: =P45+Y45+AK45+AT45+BC45+BL45+BU45+CD45+CM45+CW45+DF45+DO45 -> 3 | EE45: =Q45+Z45+AL45+AU45+BD45+BM45+BV45+CE45+CN45+CX45+DG45+DP45 -> 1 | EF45: =R45+AA45+AM45+AV45+BE45+BN45+BW45+CF45+CO45+CY45+DH45+DQ45 -> 0 | EG45: =V45+AE45+AQ45+AZ45+BI45+BR45+CA45+CJ45+CS45+DC45+DL45+DU45 -> 0
A46: =ROW()-2 -> 44 | B46: 李帅华 | C46: 上海 | D46: 产研三部 | E46: DIM组 | F46: 前端开发工程师 | G46: 45036 | H46: 45292 | I46: 45658 | J46: 12 | K46: =ROUND((I46-H46)/365*5,0) -> 5 | L46: 4.5 | M46: =K46-L46 -> 0.5 | T46: 7 | U46: 6.5 | X46: 4 | AG46: =O46+X46 -> 4 | AH46: =M46-AG46 -> -3.5 | AI46: =IF(AH46<0,AH46,0) -> -3.5 | AN46: 2 | AP46: 6.5 | AS46: 0.5 | AX46: 7 | BP46: 8 | BQ46: 6 | BX46: 7 | CH46: 8 | CQ46: 8 | DS46: 9 | DW46: =ROUND((TODAY()-I46)/365*5,2) -> 5.05 | DX46: =-AI46+AJ46+AS46+BB46+BK46+BT46+CC46+CL46+CV46+DE46+DN46 -> 4 | DY46: =DW46-DX46 -> 1.05 | DZ46: =T46+U46+AC46+AD46+AO46+AP46+AX46+AY46++BG46+BH46+BP46+BQ46+BY46+BZ46+CH46+CI46+CQ46+CR46+DA46+DB46+DJ46+DK46+DS46+DT46 -> 66 | EA46: =S46+AB46+AN46+AW46+BF46+BO46+BX46+CG46+CP46+CZ46+DI46+DR46 -> 9 | EB46: =J46+U46-S46+AD46-AB46+AP46-AN46+AY46-AW46+BH46-BF46+BQ46-BO46+BZ46-BX46+CI46-CG46+CR46-CP46+DB46-CZ46+DK46-DI46+DT46-DR46-CU46 -> 22 | EC46: =T46+AC46+AO46+BG46+BP46+BY46+CH46+CQ46+DA46+DA46+DJ46+DS46 -> 40 | ED46: =P46+Y46+AK46+AT46+BC46+BL46+BU46+CD46+CM46+CW46+DF46+DO46 -> 0 | EE46: =Q46+Z46+AL46+AU46+BD46+BM46+BV46+CE46+CN46+CX46+DG46+DP46 -> 0 | EF46: =R46+AA46+AM46+AV46+BE46+BN46+BW46+CF46+CO46+CY46+DH46+DQ46 -> 0 | EG46: =V46+AE46+AQ46+AZ46+BI46+BR46+CA46+CJ46+CS46+DC46+DL46+DU46 -> 0
A47: =ROW()-2 -> 45 | B47: 胡翔翔 | C47: 上海 | D47: 产研一部 | E47: 教育三组 | F47: 研发主管（IOS） | G47: 42709 | H47: 45292 | I47: 45658 | J47: 0.25 | K47: =ROUND((I47-H47)/365*5,0) -> 5 | L47: 5 | M47: =K47-L47 -> 0 | O47: 3.5 | AD47: 8 | AG47: =O47+X47 -> 3.5 | AH47: =M47-AG47 -> -3.5 | AI47: =IF(AH47<0,AH47,0) -> -3.5 | AJ47: 1 | AN47: 8 | AP47: 32 | AW47: 26 | BF47: 4.5 | BK47: 0.5 | BL47: 9.5 | BO47: 1.5 | BU47: 3.5 | BZ47: 8 | CG47: 8 | CI47: 8 | CM47: 5.5 | CP47: 8 | CR47: 8 | DK47: 23 | DR47: 8 | DT47: 34.5 | DW47: =ROUND((TODAY()-I47)/365*5,2) -> 5.05 | DX47: =-AI47+AJ47+AS47+BB47+BK47+BT47+CC47+CL47+CV47+DE47+DN47 -> 5 | DY47: =DW47-DX47 -> 0.05 | DZ47: =T47+U47+AC47+AD47+AO47+AP47+AX47+AY47++BG47+BH47+BP47+BQ47+BY47+BZ47+CH47+CI47+CQ47+CR47+DA47+DB47+DJ47+DK47+DS47+DT47 -> 121.5 | EA47: =S47+AB47+AN47+AW47+BF47+BO47+BX47+CG47+CP47+CZ47+DI47+DR47 -> 64 | EB47: =J47+U47-S47+AD47-AB47+AP47-AN47+AY47-AW47+BH47-BF47+BQ47-BO47+BZ47-BX47+CI47-CG47+CR47-CP47+DB47-CZ47+DK47-DI47+DT47-DR47-CU47 -> 57.75 | EC47: =T47+AC47+AO47+BG47+BP47+BY47+CH47+CQ47+DA47+DA47+DJ47+DS47 -> 0 | ED47: =P47+Y47+AK47+AT47+BC47+BL47+BU47+CD47+CM47+CW47+DF47+DO47 -> 18.5 | EE47: =Q47+Z47+AL47+AU47+BD47+BM47+BV47+CE47+CN47+CX47+DG47+DP47 -> 0 | EF47: =R47+AA47+AM47+AV47+BE47+BN47+BW47+CF47+CO47+CY47+DH47+DQ47 -> 0 | EG47: =V47+AE47+AQ47+AZ47+BI47+BR47+CA47+CJ47+CS47+DC47+DL47+DU47 -> 0
A48: =ROW()-2 -> 46 | B48: 杨海燕 | C48: 上海 | D48: 产研一部 | E48: 教育三组 | F48: IOS开发工程师 | G48: 43997 | H48: 45292 | I48: 45658 | J48: 16 | K48: =ROUND((I48-H48)/365*5,0) -> 5 | L48: 5 | M48: =K48-L48 -> 0 | O48: 2 | Q48: 1 | S48: 8 | U48: 8 | AB48: 3 | AD48: 8 | AG48: =O48+X48 -> 2 | AH48: =M48-AG48 -> -2 | AI48: =IF(AH48<0,AH48,0) -> -2 | AL48: 1 | AN48: 2.6 | AP48: 8 | BB48: 3 | BF48: 18.4 | BO48: 4 | BX48: 3 | BZ48: 16 | CG48: 1 | CP48: 16 | CZ48: 13 | DB48: 16 | DI48: 1 | DK48: 21 | DR48: 17.5 | DT48: 24 | DW48: =ROUND((TODAY()-I48)/365*5,2) -> 5.05 | DX48: =-AI48+AJ48+AS48+BB48+BK48+BT48+CC48+CL48+CV48+DE48+DN48 -> 5 | DY48: =DW48-DX48 -> 0.05 | DZ48: =T48+U48+AC48+AD48+AO48+AP48+AX48+AY48++BG48+BH48+BP48+BQ48+BY48+BZ48+CH48+CI48+CQ48+CR48+DA48+DB48+DJ48+DK48+DS48+DT48 -> 101 | EA48: =S48+AB48+AN48+AW48+BF48+BO48+BX48+CG48+CP48+CZ48+DI48+DR48 -> 87.5 | EB48: =J48+U48-S48+AD48-AB48+AP48-AN48+AY48-AW48+BH48-BF48+BQ48-BO48+BZ48-BX48+CI48-CG48+CR48-CP48+DB48-CZ48+DK48-DI48+DT48-DR48-CU48 -> 29.5 | EC48: =T48+AC48+AO48+BG48+BP48+BY48+CH48+CQ48+DA48+DA48+DJ48+DS48 -> 0 | ED48: =P48+Y48+AK48+AT48+BC48+BL48+BU48+CD48+CM48+CW48+DF48+DO48 -> 0 | EE48: =Q48+Z48+AL48+AU48+BD48+BM48+BV48+CE48+CN48+CX48+DG48+DP48 -> 2 | EF48: =R48+AA48+AM48+AV48+BE48+BN48+BW48+CF48+CO48+CY48+DH48+DQ48 -> 0 | EG48: =V48+AE48+AQ48+AZ48+BI48+BR48+CA48+CJ48+CS48+DC48+DL48+DU48 -> 0
A49: =ROW()-2 -> 47 | B49: 李海侠 | C49: 上海 | D49: 产研一部 | E49: 教育三组 | F49: Android开发工程师 | G49: 44267 | H49: 45292 | I49: 45658 | J49: 24 | K49: =ROUND((I49-H49)/365*5,0) -> 5 | L49: 4.5 | M49: =K49-L49 -> 0.5 | O49: 3.5 | AC49: 8 | AG49: =O49+X49 -> 3.5 | AH49: =M49-AG49 -> -3 | AI49: =IF(AH49<0,AH49,0) -> -3 | AJ49: 1 | AS49: 3 | BB49: 1 | BC49: 5 | BT49: 2 | BX49: 16 | BZ49: 8 | CG49: 1.5 | CP49: 2.5 | CZ49: 8 | DB49: 8 | DJ49: 8 | DK49: 8 | DR49: 8 | DS49: 8 | DT49: 8 | DW49: =ROUND((TODAY()-I49)/365*5,2)*2 -> 10.1 | DX49: =-AI49+AJ49+AS49+BB49+BK49+BT49+CC49+CL49+CV49+DE49+DN49 -> 10 | DY49: =DW49-DX49 -> 0.1 | DZ49: =T49+U49+AC49+AD49+AO49+AP49+AX49+AY49++BG49+BH49+BP49+BQ49+BY49+BZ49+CH49+CI49+CQ49+CR49+DA49+DB49+DJ49+DK49+DS49+DT49 -> 56 | EA49: =S49+AB49+AN49+AW49+BF49+BO49+BX49+CG49+CP49+CZ49+DI49+DR49 -> 36 | EB49: =J49+U49-S49+AD49-AB49+AP49-AN49+AY49-AW49+BH49-BF49+BQ49-BO49+BZ49-BX49+CI49-CG49+CR49-CP49+DB49-CZ49+DK49-DI49+DT49-DR49-CU49 -> 20 | EC49: =T49+AC49+AO49+BG49+BP49+BY49+CH49+CQ49+DA49+DA49+DJ49+DS49 -> 24 | ED49: =P49+Y49+AK49+AT49+BC49+BL49+BU49+CD49+CM49+CW49+DF49+DO49 -> 5 | EE49: =Q49+Z49+AL49+AU49+BD49+BM49+BV49+CE49+CN49+CX49+DG49+DP49 -> 0 | EF49: =R49+AA49+AM49+AV49+BE49+BN49+BW49+CF49+CO49+CY49+DH49+DQ49 -> 0 | EG49: =V49+AE49+AQ49+AZ49+BI49+BR49+CA49+CJ49+CS49+DC49+DL49+DU49 -> 0
A50: =ROW()-2 -> 48 | B50: 褚晨雯 | C50: 上海 | D50: 产研一部 | E50: PC组 | F50: 资深产品经理 | G50: 44578 | H50: 45292 | I50: 45658 | J50: 8 | K50: =ROUND((I50-H50)/365*5,0) -> 5 | L50: 3 | M50: =K50-L50 -> 2 | O50: 2 | X50: 1 | AB50: 2 | AG50: =O50+X50 -> 3 | AH50: =M50-AG50 -> -1 | AI50: =IF(AH50<0,AH50,0) -> -1 | AO50: 4 | AQ50: 1 | AS50: 2 | AZ50: 1 | BF50: 2 | BR50: 0.5 | CA50: 1 | CG50: 1 | CJ50: 1 | CL50: 1 | CP50: 2.5 | DB50: 4 | DI50: 1 | DK50: 13.5 | DN50: 1 | DR50: 1 | DS50: 10.5 | DT50: 10 | DW50: =ROUND((TODAY()-I50)/365*5,2) -> 5.05 | DX50: =-AI50+AJ50+AS50+BB50+BK50+BT50+CC50+CL50+CV50+DE50+DN50 -> 5 | DY50: =DW50-DX50 -> 0.05 | DZ50: =T50+U50+AC50+AD50+AO50+AP50+AX50+AY50++BG50+BH50+BP50+BQ50+BY50+BZ50+CH50+CI50+CQ50+CR50+DA50+DB50+DJ50+DK50+DS50+DT50 -> 42 | EA50: =S50+AB50+AN50+AW50+BF50+BO50+BX50+CG50+CP50+CZ50+DI50+DR50 -> 9.5 | EB50: =J50+U50-S50+AD50-AB50+AP50-AN50+AY50-AW50+BH50-BF50+BQ50-BO50+BZ50-BX50+CI50-CG50+CR50-CP50+DB50-CZ50+DK50-DI50+DT50-DR50-CU50 -> 26 | EC50: =T50+AC50+AO50+BG50+BP50+BY50+CH50+CQ50+DA50+DA50+DJ50+DS50 -> 14.5 | ED50: =P50+Y50+AK50+AT50+BC50+BL50+BU50+CD50+CM50+CW50+DF50+DO50 -> 0 | EE50: =Q50+Z50+AL50+AU50+BD50+BM50+BV50+CE50+CN50+CX50+DG50+DP50 -> 0 | EF50: =R50+AA50+AM50+AV50+BE50+BN50+BW50+CF50+CO50+CY50+DH50+DQ50 -> 0 | EG50: =V50+AE50+AQ50+AZ50+BI50+BR50+CA50+CJ50+CS50+DC50+DL50+DU50 -> 4.5
A51: =ROW()-2 -> 49 | B51: 朱梦雅 | C51: 上海 | D51: 产研一部 | E51: 教育三组 | F51: Android开发工程师 | G51: 44991 | H51: 45292 | I51: 45658 | J51: 38.17 | K51: =ROUND((I51-H51)/365*5,0) -> 5 | L51: 5 | M51: =K51-L51 -> 0 | S51: 16 | AD51: 8 | AG51: =O51+X51 -> 0 | AH51: =M51-AG51 -> 0 | AI51: =IF(AH51<0,AH51,0) -> 0 | AN51: 13.5 | AW51: 0.67 | BB51: 5 | BG51: 8 | BH51: 8 | BY51: 8 | BZ51: 8 | CH51: 6.5 | CR51: 8 | DA51: 8 | DI51: 8 | DK51: 16 | DS51: 8 | DT51: 16 | DW51: =ROUND((TODAY()-I51)/365*5,2) -> 5.05 | DX51: =-AI51+AJ51+AS51+BB51+BK51+BT51+CC51+CL51+CV51+DE51+DN51 -> 5 | DY51: =DW51-DX51 -> 0.05 | DZ51: =T51+U51+AC51+AD51+AO51+AP51+AX51+AY51++BG51+BH51+BP51+BQ51+BY51+BZ51+CH51+CI51+CQ51+CR51+DA51+DB51+DJ51+DK51+DS51+DT51 -> 102.5 | EA51: =S51+AB51+AN51+AW51+BF51+BO51+BX51+CG51+CP51+CZ51+DI51+DR51 -> 38.17 | EB51: =J51+U51-S51+AD51-AB51+AP51-AN51+AY51-AW51+BH51-BF51+BQ51-BO51+BZ51-BX51+CI51-CG51+CR51-CP51+DB51-CZ51+DK51-DI51+DT51-DR51-CU51 -> 64 | EC51: =T51+AC51+AO51+BG51+BP51+BY51+CH51+CQ51+DA51+DA51+DJ51+DS51 -> 46.5 | ED51: =P51+Y51+AK51+AT51+BC51+BL51+BU51+CD51+CM51+CW51+DF51+DO51 -> 0 | EE51: =Q51+Z51+AL51+AU51+BD51+BM51+BV51+CE51+CN51+CX51+DG51+DP51 -> 0 | EF51: =R51+AA51+AM51+AV51+BE51+BN51+BW51+CF51+CO51+CY51+DH51+DQ51 -> 0 | EG51: =V51+AE51+AQ51+AZ51+BI51+BR51+CA51+CJ51+CS51+DC51+DL51+DU51 -> 0
A52: =ROW()-2 -> 50 | B52: 陆文宇 | C52: 上海 | D52: 产研一部 | E52: 教育三组 | F52: IOS开发工程师 | G52: 44993 | H52: 45292 | I52: 45658 | J52: 0 | K52: =ROUND((I52-H52)/365*5,0) -> 5 | L52: 5 | M52: =K52-L52 -> 0 | P52: 26.5 | X52: 1.5 | Y52: 2.5 | AG52: =O52+X52 -> 1.5 | AH52: =M52-AG52 -> -1.5 | AI52: =IF(AH52<0,AH52,0) -> -1.5 | AJ52: 1.5 | AK52: 5 | AP52: 13.5 | AS52: 1 | AT52: 8.5 | AW52: 5.5 | BB52: 1 | BC52: 1.5 | BF52: 3 | BL52: 12.5 | BO52: 5 | BU52: 56 | CD52: 5 | CM52: 18.5 | CW52: 2.5 | CZ52: 8 | DB52: 8 | DF52: 8 | DI52: 2.5 | DK52: 13.5 | DR52: 6.5 | DW52: =ROUND((TODAY()-I52)/365*5,2) -> 5.05 | DX52: =-AI52+AJ52+AS52+BB52+BK52+BT52+CC52+CL52+CV52+DE52+DN52 -> 5 | DY52: =DW52-DX52 -> 0.05 | DZ52: =T52+U52+AC52+AD52+AO52+AP52+AX52+AY52++BG52+BH52+BP52+BQ52+BY52+BZ52+CH52+CI52+CQ52+CR52+DA52+DB52+DJ52+DK52+DS52+DT52 -> 35 | EA52: =S52+AB52+AN52+AW52+BF52+BO52+BX52+CG52+CP52+CZ52+DI52+DR52 -> 30.5 | EB52: =J52+U52-S52+AD52-AB52+AP52-AN52+AY52-AW52+BH52-BF52+BQ52-BO52+BZ52-BX52+CI52-CG52+CR52-CP52+DB52-CZ52+DK52-DI52+DT52-DR52-CU52 -> 4.5 | EC52: =T52+AC52+AO52+BG52+BP52+BY52+CH52+CQ52+DA52+DA52+DJ52+DS52 -> 0 | ED52: =P52+Y52+AK52+AT52+BC52+BL52+BU52+CD52+CM52+CW52+DF52+DO52 -> 146.5 | EE52: =Q52+Z52+AL52+AU52+BD52+BM52+BV52+CE52+CN52+CX52+DG52+DP52 -> 0 | EF52: =R52+AA52+AM52+AV52+BE52+BN52+BW52+CF52+CO52+CY52+DH52+DQ52 -> 0 | EG52: =V52+AE52+AQ52+AZ52+BI52+BR52+CA52+CJ52+CS52+DC52+DL52+DU52 -> 0
A53: =ROW()-2 -> 51 | B53: 汤喆 | C53: 上海 | D53: 产研二部 | E53: 后台一组 | F53: 研发主管（Java） | G53: 42802 | H53: 45292 | I53: 45658 | J53: 93.5 | K53: =ROUND((I53-H53)/365*5,0) -> 5 | L53: 4 | M53: =K53-L53 -> 1 | O53: 1 | S53: 20 | U53: 4.5 | AB53: 40 | AD53: 4 | AG53: =O53+X53 -> 1 | AH53: =M53-AG53 -> 0 | AI53: =IF(AH53<0,AH53,0) -> 0 | AN53: 8 | AP53: 26.5 | AS53: 2 | AW53: 30.5 | BM53: 8 | BQ53: 4 | BV53: 1 | BX53: 8 | BZ53: 11 | CG53: 12 | CI53: 11 | CP53: 11 | CR53: 14 | CV53: 1 | CZ53: 13.5 | DB53: 8.5 | DI53: 8 | DK53: 16 | DN53: 2 | DR53: 2.5 | DT53: 12.5 | DW53: =ROUND((TODAY()-I53)/365*5,2) -> 5.05 | DX53: =-AI53+AJ53+AS53+BB53+BK53+BT53+CC53+CL53+CV53+DE53+DN53 -> 5 | DY53: =DW53-DX53 -> 0.05 | DZ53: =T53+U53+AC53+AD53+AO53+AP53+AX53+AY53++BG53+BH53+BP53+BQ53+BY53+BZ53+CH53+CI53+CQ53+CR53+DA53+DB53+DJ53+DK53+DS53+DT53 -> 112 | EA53: =S53+AB53+AN53+AW53+BF53+BO53+BX53+CG53+CP53+CZ53+DI53+DR53 -> 153.5 | EB53: =J53+U53-S53+AD53-AB53+AP53-AN53+AY53-AW53+BH53-BF53+BQ53-BO53+BZ53-BX53+CI53-CG53+CR53-CP53+DB53-CZ53+DK53-DI53+DT53-DR53-CU53 -> 52 | EC53: =T53+AC53+AO53+BG53+BP53+BY53+CH53+CQ53+DA53+DA53+DJ53+DS53 -> 0 | ED53: =P53+Y53+AK53+AT53+BC53+BL53+BU53+CD53+CM53+CW53+DF53+DO53 -> 0 | EE53: =Q53+Z53+AL53+AU53+BD53+BM53+BV53+CE53+CN53+CX53+DG53+DP53 -> 9 | EF53: =R53+AA53+AM53+AV53+BE53+BN53+BW53+CF53+CO53+CY53+DH53+DQ53 -> 0 | EG53: =V53+AE53+AQ53+AZ53+BI53+BR53+CA53+CJ53+CS53+DC53+DL53+DU53 -> 0
A54: =ROW()-2 -> 52 | B54: 刘程 | C54: 上海 | D54: 产研二部 | E54: 后台一组 | F54: Java开发工程师 | G54: 43647 | H54: 45292 | I54: 45658 | J54: 125.5 | K54: =ROUND((I54-H54)/365*5,0) -> 5 | L54: 5 | M54: =K54-L54 -> 0 | S54: 64 | U54: 4 | AB54: 32 | AD54: 4.5 | AG54: =O54+X54 -> 0 | AH54: =M54-AG54 -> 0 | AI54: =IF(AH54<0,AH54,0) -> 0 | AN54: 16 | AP54: 28.5 | AW54: 12 | BF54: 23 | BO54: 8 | BT54: 1 | BX54: 1 | BZ54: 4 | CC54: 1 | CG54: 8 | CI54: 8 | CL54: 1 | CM54: 3 | CN54: 2 | CP54: 8 | CV54: 2 | DB54: 4 | DI54: 11.5 | DK54: 8 | DO54: 16 | DR54: 8 | DT54: 12 | DW54: =ROUND((TODAY()-I54)/365*5,2) -> 5.05 | DX54: =-AI54+AJ54+AS54+BB54+BK54+BT54+CC54+CL54+CV54+DE54+DN54 -> 5 | DY54: =DW54-DX54 -> 0.05 | DZ54: =T54+U54+AC54+AD54+AO54+AP54+AX54+AY54++BG54+BH54+BP54+BQ54+BY54+BZ54+CH54+CI54+CQ54+CR54+DA54+DB54+DJ54+DK54+DS54+DT54 -> 73 | EA54: =S54+AB54+AN54+AW54+BF54+BO54+BX54+CG54+CP54+CZ54+DI54+DR54 -> 191.5 | EB54: =J54+U54-S54+AD54-AB54+AP54-AN54+AY54-AW54+BH54-BF54+BQ54-BO54+BZ54-BX54+CI54-CG54+CR54-CP54+DB54-CZ54+DK54-DI54+DT54-DR54-CU54 -> 7 | EC54: =T54+AC54+AO54+BG54+BP54+BY54+CH54+CQ54+DA54+DA54+DJ54+DS54 -> 0 | ED54: =P54+Y54+AK54+AT54+BC54+BL54+BU54+CD54+CM54+CW54+DF54+DO54 -> 19 | EE54: =Q54+Z54+AL54+AU54+BD54+BM54+BV54+CE54+CN54+CX54+DG54+DP54 -> 2 | EF54: =R54+AA54+AM54+AV54+BE54+BN54+BW54+CF54+CO54+CY54+DH54+DQ54 -> 0 | EG54: =V54+AE54+AQ54+AZ54+BI54+BR54+CA54+CJ54+CS54+DC54+DL54+DU54 -> 0
A55: =ROW()-2 -> 53 | B55: 邢杏杏 | C55: 上海 | D55: 产研二部 | E55: 后台一组 | F55: 测试主管 | G55: 44333 | H55: 45292 | I55: 45658 | J55: 39.5 | K55: =ROUND((I55-H55)/365*5,0) -> 5 | L55: 4.5 | M55: =K55-L55 -> 0.5 | O55: 3 | U55: 21.5 | X55: 2 | AD55: 8 | AG55: =O55+X55 -> 5 | AH55: =M55-AG55 -> -4.5 | AI55: =IF(AH55<0,AH55,0) -> -4.5 | AN55: 8 | AP55: 37.5 | AW55: 1.5 | BF55: 16 | BH55: 16 | BJ55: 81 | BO55: 1 | BQ55: 21 | BX55: 1.5 | BZ55: 21 | CI55: 20 | CL55: 0.5 | CP55: 14.5 | CR55: 12 | CU55: 147 | DB55: 14 | DG55: 0.5 | DI55: 3 | DK55: 14.5 | DT55: 12 | DW55: =ROUND((TODAY()-I55)/365*5,2) -> 5.05 | DX55: =-AI55+AJ55+AS55+BB55+BK55+BT55+CC55+CL55+CV55+DE55+DN55 -> 5 | DY55: =DW55-DX55 -> 0.05 | DZ55: =T55+U55+AC55+AD55+AO55+AP55+AX55+AY55++BJ55+BH55+BP55+BQ55+BY55+BZ55+CH55+CI55+CQ55+CR55+DA55+DB55+DJ55+DK55+DS55+DT55 -> 278.5 | EA55: =S55+AB55+AN55+AW55+BF55+BO55+BX55+CG55+CP55+CZ55+DI55+DR55 -> 45.5 | EB55: =J55+U55-S55+AD55-AB55+AP55-AN55+AY55-AW55+BH55-BF55+BQ55-BO55+BZ55-BX55+CI55-CG55+CR55-CP55+DB55-CZ55+DK55-DI55+DT55-DR55-CU55 -> 44.5 | EC55: =T55+AC55+AO55+BG55+BP55+BY55+CH55+CQ55+DA55+DA55+DJ55+DS55 -> 0 | ED55: =P55+Y55+AK55+AT55+BC55+BL55+BU55+CD55+CM55+CW55+DF55+DO55 -> 0 | EE55: =Q55+Z55+AL55+AU55+BD55+BM55+BV55+CE55+CN55+CX55+DG55+DP55 -> 0.5 | EF55: =R55+AA55+AM55+AV55+BE55+BN55+BW55+CF55+CO55+CY55+DH55+DQ55 -> 0 | EG55: =V55+AE55+AQ55+AZ55+BI55+BR55+CA55+CJ55+CS55+DC55+DL55+DU55 -> 0
A56: =ROW()-2 -> 54 | B56: 黄健 | C56: 上海 | D56: 产研二部 | E56: 后台一组 | F56: Java开发工程师 | G56: 44760 | H56: 45292 | I56: 45658 | J56: 7 | K56: =ROUND((I56-H56)/365*5,0) -> 5 | L56: 5 | M56: =K56-L56 -> 0 | O56: 2.5 | S56: 12.5 | U56: 5.5 | X56: 2 | AC56: 8.5 | AG56: =O56+X56 -> 4.5 | AH56: =M56-AG56 -> -4.5 | AI56: =IF(AH56<0,AH56,0) -> -4.5 | AL56: 1 | AO56: 37 | AP56: 12.5 | AW56: 12 | AX56: 5 | BB56: 0.5 | BC56: 1 | BF56: 4 | BH56: 12.5 | BQ56: 9.5 | BX56: 8 | BY56: 5.5 | BZ56: 6.5 | CH56: 21 | CM56: 0 | CP56: 17 | CQ56: 14 | CZ56: 2 | DA56: 6 | DB56: 4.5 | DJ56: 18.5 | DS56: 4 | DW56: =ROUND((TODAY()-I56)/365*5,2) -> 5.05 | DX56: =-AI56+AJ56+AS56+BB56+BK56+BT56+CC56+CL56+CV56+DE56+DN56 -> 5 | DY56: =DW56-DX56 -> 0.05 | DZ56: =T56+U56+AC56+AD56+AO56+AP56+AX56+AY56++BG56+BH56+BP56+BQ56+BY56+BZ56+CH56+CI56+CQ56+CR56+DA56+DB56+DJ56+DK56+DS56+DT56 -> 170.5 | EA56: =S56+AB56+AN56+AW56+BF56+BO56+BX56+CG56+CP56+CZ56+DI56+DR56 -> 55.5 | EB56: =J56+U56-S56+AD56-AB56+AP56-AN56+AY56-AW56+BH56-BF56+BQ56-BO56+BZ56-BX56+CI56-CG56+CR56-CP56+DB56-CZ56+DK56-DI56+DT56-DR56-CU56 -> 2.5 | EC56: =T56+AC56+AO56+BG56+BP56+BY56+CH56+CQ56+DA56+DA56+DJ56+DS56 -> 120.5 | ED56: =P56+Y56+AK56+AT56+BC56+BL56+BU56+CD56+CM56+CW56+DF56+DO56 -> 1 | EE56: =Q56+Z56+AL56+AU56+BD56+BM56+BV56+CE56+CN56+CX56+DG56+DP56 -> 1 | EF56: =R56+AA56+AM56+AV56+BE56+BN56+BW56+CF56+CO56+CY56+DH56+DQ56 -> 0 | EG56: =V56+AE56+AQ56+AZ56+BI56+BR56+CA56+CJ56+CS56+DC56+DL56+DU56 -> 0
A57: =ROW()-2 -> 55 | B57: 邱成 | C57: 上海 | D57: 产研二部 | E57: 后台一组 | F57: Java开发工程师 | G57: 44984 | H57: 45292 | I57: 45658 | J57: 7.5 | K57: =ROUND((I57-H57)/365*5,0) -> 5 | L57: 5 | M57: =K57-L57 -> 0 | O57: 2 | Y57: 2.5 | AB57: 7.5 | AC57: 12.5 | AG57: =O57+X57 -> 2 | AH57: =M57-AG57 -> -2 | AI57: =IF(AH57<0,AH57,0) -> -2 | AK57: 2.5 | AN57: 1 | AO57: 31.5 | AP57: 2.5 | AS57: 1.5 | AW57: 1.5 | AX57: 7.5 | BC57: 0.5 | BP57: 8 | BY57: 14.5 | CC57: 1 | CE57: 8 | CM57: 2.5 | DA57: 5 | DF57: 4.5 | DS57: 7 | DW57: =ROUND((TODAY()-I57)/365*5,2) -> 5.05 | DX57: =-AI57+AJ57+AS57+BB57+BK57+BT57+CC57+CL57+CV57+DE57+DN57 -> 4.5 | DY57: =DW57-DX57 -> 0.55 | DZ57: =T57+U57+AC57+AD57+AO57+AP57+AX57+AY57++BG57+BH57+BP57+BQ57+BY57+BZ57+CH57+CI57+CQ57+CR57+DA57+DB57+DJ57+DK57+DS57+DT57 -> 88.5 | EA57: =S57+AB57+AN57+AW57+BF57+BO57+BX57+CG57+CP57+CZ57+DI57+DR57 -> 10 | EB57: =J57+U57-S57+AD57-AB57+AP57-AN57+AY57-AW57+BH57-BF57+BQ57-BO57+BZ57-BX57+CI57-CG57+CR57-CP57+DB57-CZ57+DK57-DI57+DT57-DR57-CU57 -> 0 | EC57: =T57+AC57+AO57+BG57+BP57+BY57+CH57+CQ57+DA57+DA57+DJ57+DS57 -> 83.5 | ED57: =P57+Y57+AK57+AT57+BC57+BL57+BU57+CD57+CM57+CW57+DF57+DO57 -> 12.5 | EE57: =Q57+Z57+AL57+AU57+BD57+BM57+BV57+CE57+CN57+CX57+DG57+DP57 -> 8 | EF57: =R57+AA57+AM57+AV57+BE57+BN57+BW57+CF57+CO57+CY57+DH57+DQ57 -> 0 | EG57: =V57+AE57+AQ57+AZ57+BI57+BR57+CA57+CJ57+CS57+DC57+DL57+DU57 -> 0
A58: =ROW()-2 -> 56 | B58: 陈绪慧 | C58: 上海 | D58: 产研一部 | E58: 教育三组 | F58: 产品主管 | G58: 43727 | H58: 45292 | I58: 45658 | J58: 16.5 | K58: =ROUND((I58-H58)/365*5,0) -> 5 | L58: 5 | M58: =K58-L58 -> 0 | S58: 16.5 | Y58: 1 | AA58: 10.5 | AG58: =O58+X58 -> 0 | AH58: =M58-AG58 -> 0 | AI58: =IF(AH58<0,AH58,0) -> 0 | AM58: 1 | AP58: 8 | AW58: 5 | AY58: 8 | BE58: 0.5 | BF58: 1.5 | BH58: 4 | BN58: 1 | BO58: 2.5 | CF58: 1.5 | CG58: 1 | DH58: 9 | DK58: 7 | DT58: 13 | DW58: =ROUND((TODAY()-I58)/365*5,2) -> 5.05 | DX58: =-AI58+AJ58+AS58+BB58+BK58+BT58+CC58+CL58+CV58+DE58+DN58 -> 0 | DY58: =DW58-DX58 -> 5.05 | DZ58: =T58+U58+AC58+AD58+AO58+AP58+AX58+AY58++BG58+BH58+BP58+BQ58+BY58+BZ58+CH58+CI58+CQ58+CR58+DA58+DB58+DJ58+DK58+DS58+DT58 -> 40 | EA58: =S58+AB58+AN58+AW58+BF58+BO58+BX58+CG58+CP58+CZ58+DI58+DR58 -> 26.5 | EB58: =J58+U58-S58+AD58-AB58+AP58-AN58+AY58-AW58+BH58-BF58+BQ58-BO58+BZ58-BX58+CI58-CG58+CR58-CP58+DB58-CZ58+DK58-DI58+DT58-DR58-CU58 -> 30 | EC58: =T58+AC58+AO58+BG58+BP58+BY58+CH58+CQ58+DA58+DA58+DJ58+DS58 -> 0 | ED58: =P58+Y58+AK58+AT58+BC58+BL58+BU58+CD58+CM58+CW58+DF58+DO58 -> 1 | EE58: =Q58+Z58+AL58+AU58+BD58+BM58+BV58+CE58+CN58+CX58+DG58+DP58 -> 0 | EF58: =R58+AA58+AM58+AV58+BE58+BN58+BW58+CF58+CO58+CY58+DH58+DQ58 -> 23.5 | EG58: =V58+AE58+AQ58+AZ58+BI58+BR58+CA58+CJ58+CS58+DC58+DL58+DU58 -> 0
A59: =ROW()-2 -> 57 | B59: 章发晨 | C59: 上海 | D59: 产研一部 | E59: PC组 | F59: IOS开发工程师 | G59: 43528 | H59: 45292 | I59: 45658 | J59: 0.17 | K59: =ROUND((I59-H59)/365*5,0) -> 5 | L59: 5 | M59: =K59-L59 -> 0 | S59: 2 | U59: 5 | V59: 4 | X59: 4 | AD59: 8 | AG59: =O59+X59 -> 4 | AH59: =M59-AG59 -> -4 | AI59: =IF(AH59<0,AH59,0) -> -4 | AN59: 2.5 | AP59: 8 | AW59: 12.17 | AY59: 6.5 | BB59: 1 | BF59: 0.5 | BO59: 8 | BU59: 16 | BX59: 8 | BZ59: 12.5 | CG59: 16 | CI59: 24 | CM59: 5 | CP59: 23 | CR59: 8 | DB59: 8 | DK59: 22 | DP59: 13 | DR59: 1.5 | DT59: 5.5 | DW59: =ROUND((TODAY()-I59)/365*5,2) -> 5.05 | DX59: =-AI59+AJ59+AS59+BB59+BK59+BT59+CC59+CL59+CV59+DE59+DN59 -> 5 | DY59: =DW59-DX59 -> 0.05 | DZ59: =T59+U59+AC59+AD59+AO59+AP59+AX59+AY59++BG59+BH59+BP59+BQ59+BY59+BZ59+CH59+CI59+CQ59+CR59+DA59+DB59+DJ59+DK59+DS59+DT59 -> 107.5 | EA59: =S59+AB59+AN59+AW59+BF59+BO59+BX59+CG59+CP59+CZ59+DI59+DR59 -> 73.67 | EB59: =J59+U59-S59+AD59-AB59+AP59-AN59+AY59-AW59+BH59-BF59+BQ59-BO59+BZ59-BX59+CI59-CG59+CR59-CP59+DB59-CZ59+DK59-DI59+DT59-DR59-CU59 -> 34 | EC59: =T59+AC59+AO59+BG59+BP59+BY59+CH59+CQ59+DA59+DA59+DJ59+DS59 -> 0 | ED59: =P59+Y59+AK59+AT59+BC59+BL59+BU59+CD59+CM59+CW59+DF59+DO59 -> 21 | EE59: =Q59+Z59+AL59+AU59+BD59+BM59+BV59+CE59+CN59+CX59+DG59+DP59 -> 13 | EF59: =R59+AA59+AM59+AV59+BE59+BN59+BW59+CF59+CO59+CY59+DH59+DQ59 -> 0 | EG59: =V59+AE59+AQ59+AZ59+BI59+BR59+CA59+CJ59+CS59+DC59+DL59+DU59 -> 4
A60: =ROW()-2 -> 58 | B60: 申国超 | C60: 上海 | D60: 产研一部 | E60: PC组 | F60: 游戏开发工程师 | G60: 44340 | H60: 45292 | I60: 45658 | J60: 32 | K60: =ROUND((I60-H60)/365*5,0) -> 5 | L60: 5 | M60: =K60-L60 -> 0 | O60: 3 | S60: 16 | X60: 2 | AB60: 16 | AD60: 8 | AG60: =O60+X60 -> 5 | AH60: =M60-AG60 -> -5 | AI60: =IF(AH60<0,AH60,0) -> -5 | AO60: 8 | AP60: 8 | AW60: 16 | AX60: 10.5 | AY60: 8 | BF60: 8 | BG60: 8 | BH60: 16 | BO60: 18 | BP60: 8 | BQ60: 8 | BX60: 5 | BZ60: 16 | CG60: 16 | CI60: 16 | CP60: 25 | CR60: 8 | DB60: 16 | DJ60: 8.5 | DK60: 20 | DR60: 32 | DT60: 32 | DW60: =ROUND((TODAY()-I60)/365*5,2) -> 5.05 | DX60: =-AI60+AJ60+AS60+BB60+BK60+BT60+CC60+CL60+CV60+DE60+DN60 -> 5 | DY60: =DW60-DX60 -> 0.05 | DZ60: =T60+U60+AC60+AD60+AO60+AP60+AX60+AY60++BG60+BH60+BP60+BQ60+BY60+BZ60+CH60+CI60+CQ60+CR60+DA60+DB60+DJ60+DK60+DS60+DT60 -> 199 | EA60: =S60+AB60+AN60+AW60+BF60+BO60+BX60+CG60+CP60+CZ60+DI60+DR60 -> 152 | EB60: =J60+U60-S60+AD60-AB60+AP60-AN60+AY60-AW60+BH60-BF60+BQ60-BO60+BZ60-BX60+CI60-CG60+CR60-CP60+DB60-CZ60+DK60-DI60+DT60-DR60-CU60 -> 36 | EC60: =T60+AC60+AO60+BG60+BP60+BY60+CH60+CQ60+DA60+DA60+DJ60+DS60 -> 32.5 | ED60: =P60+Y60+AK60+AT60+BC60+BL60+BU60+CD60+CM60+CW60+DF60+DO60 -> 0 | EE60: =Q60+Z60+AL60+AU60+BD60+BM60+BV60+CE60+CN60+CX60+DG60+DP60 -> 0 | EF60: =R60+AA60+AM60+AV60+BE60+BN60+BW60+CF60+CO60+CY60+DH60+DQ60 -> 0 | EG60: =V60+AE60+AQ60+AZ60+BI60+BR60+CA60+CJ60+CS60+DC60+DL60+DU60 -> 0
A61: =ROW()-2 -> 59 | B61: 李一鸣 | C61: 上海 | D61: 产研一部 | E61: 教育三组 | F61: 设计主管 | G61: 45019 | H61: 45292 | I61: 45658 | J61: 8 | K61: =ROUND((I61-H61)/365*5,0) -> 5 | L61: 5 | M61: =K61-L61 -> 0 | O61: 3 | Y61: 5.5 | AB61: 8 | AG61: =O61+X61 -> 3 | AH61: =M61-AG61 -> -3 | AI61: =IF(AH61<0,AH61,0) -> -3 | AS61: 2 | AT61: 8 | BU61: 8 | CD61: 8 | DK61: 8 | DT61: 8 | DW61: =ROUND((TODAY()-I61)/365*5,2) -> 5.05 | DX61: =-AI61+AJ61+AS61+BB61+BK61+BT61+CC61+CL61+CV61+DE61+DN61 -> 5 | DY61: =DW61-DX61 -> 0.05 | DZ61: =T61+U61+AC61+AD61+AO61+AP61+AX61+AY61++BG61+BH61+BP61+BQ61+BY61+BZ61+CH61+CI61+CQ61+CR61+DA61+DB61+DJ61+DK61+DS61+DT61 -> 16 | EA61: =S61+AB61+AN61+AW61+BF61+BO61+BX61+CG61+CP61+CZ61+DI61+DR61 -> 8 | EB61: =J61+U61-S61+AD61-AB61+AP61-AN61+AY61-AW61+BH61-BF61+BQ61-BO61+BZ61-BX61+CI61-CG61+CR61-CP61+DB61-CZ61+DK61-DI61+DT61-DR61-CU61 -> 16 | EC61: =T61+AC61+AO61+BG61+BP61+BY61+CH61+CQ61+DA61+DA61+DJ61+DS61 -> 0 | ED61: =P61+Y61+AK61+AT61+BC61+BL61+BU61+CD61+CM61+CW61+DF61+DO61 -> 29.5 | EE61: =Q61+Z61+AL61+AU61+BD61+BM61+BV61+CE61+CN61+CX61+DG61+DP61 -> 0 | EF61: =R61+AA61+AM61+AV61+BE61+BN61+BW61+CF61+CO61+CY61+DH61+DQ61 -> 0 | EG61: =V61+AE61+AQ61+AZ61+BI61+BR61+CA61+CJ61+CS61+DC61+DL61+DU61 -> 0
A62: =ROW()-2 -> 60 | B62: 梅守强 | C62: 上海 | D62: 产研一部 | E62: 教育一组 | F62: 研发主管（IOS） | G62: 42835 | H62: 45292 | I62: 45658 | J62: 11.75 | K62: =ROUND((I62-H62)/365*5,0) -> 5 | L62: 5 | M62: =K62-L62 -> 0 | O62: 3 | S62: 0.5 | T62: 4.5 | AG62: =O62+X62 -> 3 | AH62: =M62-AG62 -> -3 | AI62: =IF(AH62<0,AH62,0) -> -3 | AO62: 28 | AW62: 2.5 | AX62: 14 | BG62: 24.5 | BP62: 30.5 | BY62: 21.5 | BZ62: 4 | CH62: 32 | CP62: 9 | CR62: 7.5 | CV62: 1 | DA62: 15 | DJ62: 31.5 | DS62: 39.5 | DW62: =ROUND((TODAY()-I62)/365*5,2) -> 5.05 | DX62: =-AI62+AJ62+AS62+BB62+BK62+BT62+CC62+CL62+CV62+DE62+DN62 -> 4 | DY62: =DW62-DX62 -> 1.05 | DZ62: =T62+U62+AC62+AD62+AO62+AP62+AX62+AY62++BG62+BH62+BP62+BQ62+BY62+BZ62+CH62+CI62+CQ62+CR62+DA62+DB62+DJ62+DK62+DS62+DT62 -> 252.5 | EA62: =S62+AB62+AN62+AW62+BF62+BO62+BX62+CG62+CP62+CZ62+DI62+DR62 -> 12 | EB62: =J62+U62-S62+AD62-AB62+AP62-AN62+AY62-AW62+BH62-BF62+BQ62-BO62+BZ62-BX62+CI62-CG62+CR62-CP62+DB62-CZ62+DK62-DI62+DT62-DR62-CU62 -> 11.25 | EC62: =T62+AC62+AO62+BG62+BP62+BY62+CH62+CQ62+DA62+DA62+DJ62+DS62 -> 242 | ED62: =P62+Y62+AK62+AT62+BC62+BL62+BU62+CD62+CM62+CW62+DF62+DO62 -> 0 | EE62: =Q62+Z62+AL62+AU62+BD62+BM62+BV62+CE62+CN62+CX62+DG62+DP62 -> 0 | EF62: =R62+AA62+AM62+AV62+BE62+BN62+BW62+CF62+CO62+CY62+DH62+DQ62 -> 0 | EG62: =V62+AE62+AQ62+AZ62+BI62+BR62+CA62+CJ62+CS62+DC62+DL62+DU62 -> 0
A63: =ROW()-2 -> 61 | B63: 骆方涛 | C63: 上海 | D63: 产研一部 | E63: 教育一组 | F63: IOS开发工程师 | G63: 43257 | H63: 45292 | I63: 45658 | J63: 14 | K63: =ROUND((I63-H63)/365*5,0) -> 5 | L63: 1 | M63: =K63-L63 -> 4 | O63: 4 | S63: 4.5 | U63: 10.5 | AG63: =O63+X63 -> 4 | AH63: =M63-AG63 -> 0 | AI63: =IF(AH63<0,AH63,0) -> 0 | AN63: 10 | AW63: 2 | AY63: 8 | BF63: 9 | BH63: 8 | BO63: 8 | BQ63: 8 | BT63: 2 | BW63: 8 | CG63: 9 | CJ63: 1 | CP63: 2 | CR63: 24 | DB63: 8 | DI63: 4 | DK63: 16 | DR63: 6 | DT63: 24 | DW63: =ROUND((TODAY()-I63)/365*5,2) -> 5.05 | DX63: =-AI63+AJ63+AS63+BB63+BK63+BT63+CC63+CL63+CV63+DE63+DN63 -> 2 | DY63: =DW63-DX63 -> 3.05 | DZ63: =T63+U63+AC63+AD63+AO63+AP63+AX63+AY63++BG63+BH63+BP63+BQ63+BY63+BZ63+CH63+CI63+CQ63+CR63+DA63+DB63+DJ63+DK63+DS63+DT63 -> 106.5 | EA63: =S63+AB63+AN63+AW63+BF63+BO63+BX63+CG63+CP63+CZ63+DI63+DR63 -> 54.5 | EB63: =J63+U63-S63+AD63-AB63+AP63-AN63+AY63-AW63+BH63-BF63+BQ63-BO63+BZ63-BX63+CI63-CG63+CR63-CP63+DB63-CZ63+DK63-DI63+DT63-DR63-CU63 -> 66 | EC63: =T63+AC63+AO63+BG63+BP63+BY63+CH63+CQ63+DA63+DA63+DJ63+DS63 -> 0 | ED63: =P63+Y63+AK63+AT63+BC63+BL63+BU63+CD63+CM63+CW63+DF63+DO63 -> 0 | EE63: =Q63+Z63+AL63+AU63+BD63+BM63+BV63+CE63+CN63+CX63+DG63+DP63 -> 0 | EF63: =R63+AA63+AM63+AV63+BE63+BN63+BW63+CF63+CO63+CY63+DH63+DQ63 -> 8 | EG63: =V63+AE63+AQ63+AZ63+BI63+BR63+CA63+CJ63+CS63+DC63+DL63+DU63 -> 1
A64: =ROW()-2 -> 62 | B64: 齐浩迎 | C64: 上海 | D64: 产研一部 | E64: 教育二组 | F64: 研发主管（Android） | G64: 43535 | H64: 45292 | I64: 45658 | J64: 101.5 | K64: =ROUND((I64-H64)/365*5,0) -> 5 | L64: 5 | M64: =K64-L64 -> 0 | R64: 1 | S64: 58.5 | U64: 4.5 | Z64: 1 | AD64: 4 | AG64: =O64+X64 -> 0 | AH64: =M64-AG64 -> 0 | AI64: =IF(AH64<0,AH64,0) -> 0 | AN64: 2.5 | AP64: 21 | AY64: 8 | BF64: 2 | BH64: 8 | BO64: 6.5 | BQ64: 18.5 | BX64: 2.5 | BZ64: 13 | CC64: 1 | CI64: 12 | CN64: 2 | CR64: 22.5 | CU64: 112 | CZ64: 5.5 | DB64: 21.5 | DI64: 2.5 | DK64: 37.5 | DR64: 3.5 | DT64: 35 | DW64: =ROUND((TODAY()-I64)/365*5,2) -> 5.05 | DX64: =-AI64+AJ64+AS64+BB64+BK64+BT64+CC64+CL64+CV64+DE64+DN64 -> 1 | DY64: =DW64-DX64 -> 4.05 | DZ64: =T64+U64+AC64+AD64+AO64+AP64+AX64+AY64++BG64+BH64+BP64+BQ64+BY64+BZ64+CH64+CI64+CQ64+CR64+DA64+DB64+DJ64+DK64+DS64+DT64 -> 205.5 | EA64: =S64+AB64+AN64+AW64+BF64+BO64+BX64+CG64+CP64+CZ64+DI64+DR64 -> 83.5 | EB64: =J64+U64-S64+AD64-AB64+AP64-AN64+AY64-AW64+BH64-BF64+BQ64-BO64+BZ64-BX64+CI64-CG64+CR64-CP64+DB64-CZ64+DK64-DI64+DT64-DR64-CU64 -> 111.5 | EC64: =T64+AC64+AO64+BG64+BP64+BY64+CH64+CQ64+DA64+DA64+DJ64+DS64 -> 0 | ED64: =P64+Y64+AK64+AT64+BC64+BL64+BU64+CD64+CM64+CW64+DF64+DO64 -> 0 | EE64: =Q64+Z64+AL64+AU64+BD64+BM64+BV64+CE64+CN64+CX64+DG64+DP64 -> 3 | EF64: =R64+AA64+AM64+AV64+BE64+BN64+BW64+CF64+CO64+CY64+DH64+DQ64 -> 1 | EG64: =V64+AE64+AQ64+AZ64+BI64+BR64+CA64+CJ64+CS64+DC64+DL64+DU64 -> 0
A65: =ROW()-2 -> 63 | B65: 吴俊志 | C65: 上海 | D65: 产研一部 | E65: 教育一组 | F65: 产品一部主管 | G65: 44350 | H65: 45292 | I65: 45658 | J65: 26 | K65: =ROUND((I65-H65)/365*5,0)*2 -> 10 | L65: 6.5 | M65: =K65-L65 -> 3.5 | S65: 19.5 | T65: 8 | Z65: 0.5 | AB65: 2 | AG65: =O65+X65 -> 0 | AH65: =M65-AG65 -> 3.5 | AI65: =IF(AH65<0,AH65,0) -> 0 | AN65: 3.5 | AO65: 7 | AP65: 4 | AQ65: 1 | AU65: 0.5 | AW65: 10.5 | AY65: 16 | BB65: 1 | BF65: 6 | BH65: 9 | BO65: 2.5 | BP65: 4 | BT65: 1 | BX65: 3.5 | BY65: 12 | BZ65: 4 | CA65: 1 | CC65: 1 | CG65: 2.5 | CI65: 5.5 | CL65: 3 | CN65: 1.5 | CQ65: 4 | CX65: 0.5 | DI65: 2.5 | DJ65: 5.5 | DK65: 12 | DN65: 1 | DR65: 3.5 | DS65: 9 | DT65: 8.5 | DW65: =ROUND((TODAY()-I65)/365*5,2)*2 -> 10.1 | DX65: =-AI65+AJ65+AS65+BB65+BK65+BT65+CC65+CL65+CV65+DE65+DN65 -> 7 | DY65: =DW65-DX65 -> 3.1 | DZ65: =T65+U65+AC65+AD65+AO65+AP65+AX65+AY65++BG65+BH65+BP65+BQ65+BY65+BZ65+CH65+CI65+CQ65+CR65+DA65+DB65+DJ65+DK65+DS65+DT65 -> 108.5 | EA65: =S65+AB65+AN65+AW65+BF65+BO65+BX65+CG65+CP65+CZ65+DI65+DR65 -> 56 | EB65: =J65+U65-S65+AD65-AB65+AP65-AN65+AY65-AW65+BH65-BF65+BQ65-BO65+BZ65-BX65+CI65-CG65+CR65-CP65+DB65-CZ65+DK65-DI65+DT65-DR65-CU65 -> 29 | EC65: =T65+AC65+AO65+BG65+BP65+BY65+CH65+CQ65+DA65+DA65+DJ65+DS65 -> 49.5 | ED65: =P65+Y65+AK65+AT65+BC65+BL65+BU65+CD65+CM65+CW65+DF65+DO65 -> 0 | EE65: =Q65+Z65+AL65+AU65+BD65+BM65+BV65+CE65+CN65+CX65+DG65+DP65 -> 3 | EF65: =R65+AA65+AM65+AV65+BE65+BN65+BW65+CF65+CO65+CY65+DH65+DQ65 -> 0 | EG65: =V65+AE65+AQ65+AZ65+BI65+BR65+CA65+CJ65+CS65+DC65+DL65+DU65 -> 2
A66: =ROW()-2 -> 64 | B66: 李华南 | C66: 上海 | D66: 产研一部 | E66: 教育一组 | F66: 测试经理 | G66: 43972 | H66: 45292 | I66: 45658 | J66: 15 | K66: =ROUND((I66-H66)/365*5,0) -> 5 | L66: 5 | M66: =K66-L66 -> 0 | O66: 5 | S66: 16 | U66: 8 | AB66: 5.5 | AG66: =O66+X66 -> 5 | AH66: =M66-AG66 -> -5 | AI66: =IF(AH66<0,AH66,0) -> -5 | AN66: 30.5 | AP66: 29 | BD66: 1 | BH66: 14.5 | BO66: 8 | BX66: 5.5 | BZ66: 9.5 | CP66: 24 | CR66: 22 | DK66: 16 | DR66: 0.5 | DT66: 24 | DW66: =ROUND((TODAY()-I66)/365*5,2) -> 5.05 | DX66: =-AI66+AJ66+AS66+BB66+BK66+BT66+CC66+CL66+CV66+DE66+DN66 -> 5 | DY66: =DW66-DX66 -> 0.05 | DZ66: =T66+U66+AC66+AD66+AO66+AP66+AX66+AY66++BG66+BH66+BP66+BQ66+BY66+BZ66+CH66+CI66+CQ66+CR66+DA66+DB66+DJ66+DK66+DS66+DT66 -> 123 | EA66: =S66+AB66+AN66+AW66+BF66+BO66+BX66+CG66+CP66+CZ66+DI66+DR66 -> 90 | EB66: =J66+U66-S66+AD66-AB66+AP66-AN66+AY66-AW66+BH66-BF66+BQ66-BO66+BZ66-BX66+CI66-CG66+CR66-CP66+DB66-CZ66+DK66-DI66+DT66-DR66-CU66 -> 48 | EC66: =T66+AC66+AO66+BG66+BP66+BY66+CH66+CQ66+DA66+DA66+DJ66+DS66 -> 0 | ED66: =P66+Y66+AK66+AT66+BC66+BL66+BU66+CD66+CM66+CW66+DF66+DO66 -> 0 | EE66: =Q66+Z66+AL66+AU66+BD66+BM66+BV66+CE66+CN66+CX66+DG66+DP66 -> 1 | EF66: =R66+AA66+AM66+AV66+BE66+BN66+BW66+CF66+CO66+CY66+DH66+DQ66 -> 0 | EG66: =V66+AE66+AQ66+AZ66+BI66+BR66+CA66+CJ66+CS66+DC66+DL66+DU66 -> 0
A67: =ROW()-2 -> 65 | B67: 吴利丹 | C67: 上海 | D67: 产研一部 | E67: PC组 | F67: IOS开发工程师 | G67: 43978 | H67: 45292 | I67: 45658 | J67: 54 | K67: =ROUND((I67-H67)/365*5,0) -> 5 | L67: 4.5 | M67: =K67-L67 -> 0.5 | O67: 4 | X67: 1.5 | AB67: 12 | AG67: =O67+X67 -> 5.5 | AH67: =M67-AG67 -> -5 | AI67: =IF(AH67<0,AH67,0) -> -5 | AN67: 0.67 | AP67: 8 | AY67: 8 | BF67: 8 | BQ67: 8 | BW67: 5 | CG67: 8 | CH67: 8 | CI67: 24 | CP67: 6.5 | CU67: 38.83 | CZ67: 8 | DB67: 8 | DI67: 12 | DK67: 33 | DT67: 32 | DW67: =ROUND((TODAY()-I67)/365*5,2) -> 5.05 | DX67: =-AI67+AJ67+AS67+BB67+BK67+BT67+CC67+CL67+CV67+DE67+DN67 -> 5 | DY67: =DW67-DX67 -> 0.05 | DZ67: =T67+U67+AC67+AD67+AO67+AP67+AX67+AY67++BG67+BH67+BP67+BQ67+BY67+BZ67+CH67+CI67+CQ67+CR67+DA67+DB67+DJ67+DK67+DS67+DT67 -> 129 | EA67: =S67+AB67+AN67+AW67+BF67+BO67+BX67+CG67+CP67+CZ67+DI67+DR67 -> 55.17 | EB67: =J67+U67-S67+AD67-AB67+AP67-AN67+AY67-AW67+BH67-BF67+BQ67-BO67+BZ67-BX67+CI67-CG67+CR67-CP67+DB67-CZ67+DK67-DI67+DT67-DR67-CU67 -> 81 | EC67: =T67+AC67+AO67+BG67+BP67+BY67+CH67+CQ67+DA67+DA67+DJ67+DS67 -> 8 | ED67: =P67+Y67+AK67+AT67+BC67+BL67+BU67+CD67+CM67+CW67+DF67+DO67 -> 0 | EE67: =Q67+Z67+AL67+AU67+BD67+BM67+BV67+CE67+CN67+CX67+DG67+DP67 -> 0 | EF67: =R67+AA67+AM67+AV67+BE67+BN67+BW67+CF67+CO67+CY67+DH67+DQ67 -> 5 | EG67: =V67+AE67+AQ67+AZ67+BI67+BR67+CA67+CJ67+CS67+DC67+DL67+DU67 -> 0
A68: =ROW()-2 -> 66 | B68: 朴雪花 | C68: 上海 | D68: 产研一部 | E68: 教育一组 | F68: 资深产品经理 | G68: 44113 | H68: 45292 | I68: 45658 | J68: 0 | K68: =ROUND((I68-H68)/365*5,0) -> 5 | L68: 5 | M68: =K68-L68 -> 0 | O68: 3 | Z68: 2 | AG68: =O68+X68 -> 3 | AH68: =M68-AG68 -> -3 | AI68: =IF(AH68<0,AH68,0) -> -3 | AP68: 8 | BO68: 8 | BQ68: 8 | BT68: 1 | BX68: 8 | BZ68: 8 | CC68: 1 | CG68: 11.5 | CI68: 16 | CR68: 8 | CZ68: 20.5 | DB68: 8 | DK68: 16 | DR68: 11.5 | DT68: 12.5 | DW68: =ROUND((TODAY()-I68)/365*5,2) -> 5.05 | DX68: =-AI68+AJ68+AS68+BB68+BK68+BT68+CC68+CL68+CV68+DE68+DN68 -> 5 | DY68: =DW68-DX68 -> 0.05 | DZ68: =T68+U68+AC68+AD68+AO68+AP68+AX68+AY68++BG68+BH68+BP68+BQ68+BY68+BZ68+CH68+CI68+CQ68+CR68+DA68+DB68+DJ68+DK68+DS68+DT68 -> 84.5 | EA68: =S68+AB68+AN68+AW68+BF68+BO68+BX68+CG68+CP68+CZ68+DI68+DR68 -> 59.5 | EB68: =J68+U68-S68+AD68-AB68+AP68-AN68+AY68-AW68+BH68-BF68+BQ68-BO68+BZ68-BX68+CI68-CG68+CR68-CP68+DB68-CZ68+DK68-DI68+DT68-DR68-CU68 -> 25 | EC68: =T68+AC68+AO68+BG68+BP68+BY68+CH68+CQ68+DA68+DA68+DJ68+DS68 -> 0 | ED68: =P68+Y68+AK68+AT68+BC68+BL68+BU68+CD68+CM68+CW68+DF68+DO68 -> 0 | EE68: =Q68+Z68+AL68+AU68+BD68+BM68+BV68+CE68+CN68+CX68+DG68+DP68 -> 2 | EF68: =R68+AA68+AM68+AV68+BE68+BN68+BW68+CF68+CO68+CY68+DH68+DQ68 -> 0 | EG68: =V68+AE68+AQ68+AZ68+BI68+BR68+CA68+CJ68+CS68+DC68+DL68+DU68 -> 0
A69: =ROW()-2 -> 67 | B69: 易鹏 | C69: 上海 | D69: 产研一部 | E69: 教育一组 | F69: Android开发工程师 | G69: 44825 | H69: 45292 | I69: 45658 | J69: 50 | K69: =ROUND((I69-H69)/365*5,0) -> 5 | L69: 2 | M69: =K69-L69 -> 3 | O69: 3 | S69: 32 | U69: 8 | AB69: 8 | AG69: =O69+X69 -> 3 | AH69: =M69-AG69 -> 0 | AI69: =IF(AH69<0,AH69,0) -> 0 | AO69: 14.5 | AP69: 14 | AW69: 4 | AX69: 8 | AY69: 6 | BH69: 13 | BQ69: 6 | CG69: 26 | CP69: 10.5 | CR69: 16 | DB69: 8 | DI69: 8 | DJ69: 8 | DK69: 6 | DS69: 18.5 | DT69: 10 | DW69: =ROUND((TODAY()-I69)/365*5,2) -> 5.05 | DX69: =-AI69+AJ69+AS69+BB69+BK69+BT69+CC69+CL69+CV69+DE69+DN69 -> 0 | DY69: =DW69-DX69 -> 5.05 | DZ69: =T69+U69+AC69+AD69+AO69+AP69+AX69+AY69++BG69+BH69+BP69+BQ69+BY69+BZ69+CH69+CI69+CQ69+CR69+DA69+DB69+DJ69+DK69+DS69+DT69 -> 136 | EA69: =S69+AB69+AN69+AW69+BF69+BO69+BX69+CG69+CP69+CZ69+DI69+DR69 -> 88.5 | EB69: =J69+U69-S69+AD69-AB69+AP69-AN69+AY69-AW69+BH69-BF69+BQ69-BO69+BZ69-BX69+CI69-CG69+CR69-CP69+DB69-CZ69+DK69-DI69+DT69-DR69-CU69 -> 48.5 | EC69: =T69+AC69+AO69+BG69+BP69+BY69+CH69+CQ69+DA69+DA69+DJ69+DS69 -> 41 | ED69: =P69+Y69+AK69+AT69+BC69+BL69+BU69+CD69+CM69+CW69+DF69+DO69 -> 0 | EE69: =Q69+Z69+AL69+AU69+BD69+BM69+BV69+CE69+CN69+CX69+DG69+DP69 -> 0 | EF69: =R69+AA69+AM69+AV69+BE69+BN69+BW69+CF69+CO69+CY69+DH69+DQ69 -> 0 | EG69: =V69+AE69+AQ69+AZ69+BI69+BR69+CA69+CJ69+CS69+DC69+DL69+DU69 -> 0
A70: =ROW()-2 -> 68 | B70: 皮亚楠 | C70: 上海 | D70: 产研一部 | E70: 教育二组 | F70: Android开发工程师 | G70: 44880 | H70: 45292 | I70: 45658 | J70: 8.77 | K70: =ROUND((I70-H70)/365*5,0) -> 5 | L70: 5 | M70: =K70-L70 -> 0 | O70: 3 | S70: 8 | T70: 7.5 | AG70: =O70+X70 -> 3 | AH70: =M70-AG70 -> -3 | AI70: =IF(AH70<0,AH70,0) -> -3 | AJ70: 1 | AO70: 7 | AS70: 0.5 | AX70: 7.5 | BG70: 24.5 | BP70: 22.5 | BY70: 20 | CC70: 0.5 | CH70: 22 | CI70: 8 | CM70: 9 | CP70: 8 | CQ70: 7.5 | CZ70: 8 | DA70: 7 | DB70: 8 | DJ70: 23.5 | DK70: 8 | DR70: 2.5 | DS70: 32 | DW70: =ROUND((TODAY()-I70)/365*5,2) -> 5.05 | DX70: =-AI70+AJ70+AS70+BB70+BK70+BT70+CC70+CL70+CV70+DE70+DN70 -> 5 | DY70: =DW70-DX70 -> 0.05 | DZ70: =T70+U70+AC70+AD70+AO70+AR70+AX70+AY70++BG70+BH70+BP70+BQ70+BY70+BZ70+CH70+CI70+CQ70+CR70+DA70+DB70+DJ70+DK70+DS70+DT70 -> 205 | EA70: =S70+AB70+AN70+AW70+BF70+BO70+BX70+CG70+CP70+CZ70+DI70+DR70 -> 26.5 | EB70: =J70+U70-S70+AD70-AB70+AP70-AN70+AY70-AW70+BH70-BF70+BQ70-BO70+BZ70-BX70+CI70-CG70+CR70-CP70+DB70-CZ70+DK70-DI70+DT70-DR70-CU70 -> 6.27 | EC70: =T70+AC70+AO70+BG70+BP70+BY70+CH70+CQ70+DA70+DA70+DJ70+DS70 -> 180.5 | ED70: =P70+Y70+AK70+AT70+BC70+BL70+BU70+CD70+CM70+CW70+DF70+DO70 -> 9 | EE70: =Q70+Z70+AL70+AU70+BD70+BM70+BV70+CE70+CN70+CX70+DG70+DP70 -> 0 | EF70: =R70+AA70+AM70+AV70+BE70+BN70+BW70+CF70+CO70+CY70+DH70+DQ70 -> 0 | EG70: =V70+AE70+AQ70+AZ70+BI70+BR70+CA70+CJ70+CS70+DC70+DL70+DU70 -> 0
A71: =ROW()-2 -> 69 | B71: 朱秀梅 | C71: 上海 | D71: 产研一部 | E71: 教育二组 | F71: 产品主管 | G71: 44256 | H71: 45292 | I71: 45658 | J71: 8 | K71: =ROUND((I71-H71)/365*5,0) -> 5 | L71: 3.5 | M71: =K71-L71 -> 1.5 | O71: 1.5 | S71: 8 | T71: 8 | AC71: 8 | AG71: =O71+X71 -> 1.5 | AH71: =M71-AG71 -> 0 | AI71: =IF(AH71<0,AH71,0) -> 0 | AO71: 24 | AS71: 1 | AX71: 16 | BB71: 1 | BG71: 16 | BP71: 16 | BQ71: 8 | BY71: 8 | CH71: 24 | CL71: 1 | CQ71: 24 | DA71: 16 | DI71: 8 | DJ71: 32 | DN71: 1 | DS71: 32 | DW71: =ROUND((TODAY()-I71)/365*5,2) -> 5.05 | DX71: =-AI71+AJ71+AS71+BB71+BK71+BT71+CC71+CL71+CV71+DE71+DN71 -> 4 | DY71: =DW71-DX71 -> 1.05 | DZ71: =T71+U71+AC71+AD71+AO71+AP71+AX71+AY71++BG71+BH71+BP71+BQ71+BY71+BZ71+CH71+CI71+CQ71+CR71+DA71+DB71+DJ71+DK71+DS71+DT71 -> 232 | EA71: =S71+AB71+AN71+AW71+BF71+BO71+BX71+CG71+CP71+CZ71+DI71+DR71 -> 16 | EB71: =J71+U71-S71+AD71-AB71+AP71-AN71+AY71-AW71+BH71-BF71+BQ71-BO71+BZ71-BX71+CI71-CG71+CR71-CP71+DB71-CZ71+DK71-DI71+DT71-DR71-CU71 -> 0 | EC71: =T71+AC71+AO71+BG71+BP71+BY71+CH71+CQ71+DA71+DA71+DJ71+DS71 -> 224 | ED71: =P71+Y71+AK71+AT71+BC71+BL71+BU71+CD71+CM71+CW71+DF71+DO71 -> 0 | EE71: =Q71+Z71+AL71+AU71+BD71+BM71+BV71+CE71+CN71+CX71+DG71+DP71 -> 0 | EF71: =R71+AA71+AM71+AV71+BE71+BN71+BW71+CF71+CO71+CY71+DH71+DQ71 -> 0 | EG71: =V71+AE71+AQ71+AZ71+BI71+BR71+CA71+CJ71+CS71+DC71+DL71+DU71 -> 0
A72: =ROW()-2 -> 70 | B72: 耿童童 | C72: 上海 | D72: 产研一部 | E72: 教育一组 | F72: 测试工程师 | G72: 45019 | H72: 45292 | I72: 45658 | J72: 16 | K72: =ROUND((I72-H72)/365*5,0) -> 5 | L72: 5 | M72: =K72-L72 -> 0 | O72: 2 | S72: 12 | U72: 15.5 | X72: 2 | AB72: 9.67 | AD72: 8 | AG72: =O72+X72 -> 4 | AH72: =M72-AG72 -> -4 | AI72: =IF(AH72<0,AH72,0) -> -4 | AN72: 1.75 | AW72: 8 | AY72: 16 | BF72: 18.5 | BH72: 4 | BO72: 9.5 | BQ72: 8 | BT72: 0.5 | BX72: 8 | BZ72: 8 | CG72: 8 | CI72: 8 | CM72: 16 | CP72: 8 | CR72: 7.5 | CV72: 0.5 | CZ72: 5 | DB72: 6 | DI72: 7 | DK72: 24 | DR72: 1 | DT72: 22 | DW72: =ROUND((TODAY()-I72)/365*5,2) -> 5.05 | DX72: =-AI72+AJ72+AS72+BB72+BK72+BT72+CC72+CL72+CV72+DE72+DN72 -> 5 | DY72: =DW72-DX72 -> 0.05 | DZ72: =T72+U72+AC72+AD72+AO72+AP72+AX72+AY72++BG72+BH72+BP72+BQ72+BY72+BZ72+CH72+CI72+CQ72+CR72+DA72+DB72+DJ72+DK72+DS72+DT72 -> 127 | EA72: =S72+AB72+AN72+AW72+BF72+BO72+BX72+CG72+CP72+CZ72+DI72+DR72 -> 96.42 | EB72: =J72+U72-S72+AD72-AB72+AP72-AN72+AY72-AW72+BH72-BF72+BQ72-BO72+BZ72-BX72+CI72-CG72+CR72-CP72+DB72-CZ72+DK72-DI72+DT72-DR72-CU72 -> 46.58 | EC72: =T72+AC72+AO72+BG72+BP72+BY72+CH72+CQ72+DA72+DA72+DJ72+DS72 -> 0 | ED72: =P72+Y72+AK72+AT72+BC72+BL72+BU72+CD72+CM72+CW72+DF72+DO72 -> 16 | EE72: =Q72+Z72+AL72+AU72+BD72+BM72+BV72+CE72+CN72+CX72+DG72+DP72 -> 0 | EF72: =R72+AA72+AM72+AV72+BE72+BN72+BW72+CF72+CO72+CY72+DH72+DQ72 -> 0 | EG72: =V72+AE72+AQ72+AZ72+BI72+BR72+CA72+CJ72+CS72+DC72+DL72+DU72 -> 0
A73: =ROW()-2 -> 71 | B73: 蒲科辉 | C73: 上海 | D73: 产研一部 | E73: / | F73: 研发副总 | G73: 42005 | H73: 45292 | I73: 45658 | J73: 0 | K73: =ROUND((I73-H73)/365*5,0)*2 -> 10 | L73: 10 | M73: =K73-L73 -> 0 | X73: 1 | AG73: =O73+X73 -> 1 | AH73: =M73-AG73 -> -1 | AI73: =IF(AH73<0,AH73,0) -> -1 | AO73: 22 | AS73: 0.5 | AX73: 30.5 | BB73: 1 | BG73: 23 | BP73: 33 | BT73: 6.5 | BY73: 6.5 | CH73: 8.5 | CQ73: 22.5 | DA73: 14.5 | DJ73: 50 | DS73: 45 | DW73: =ROUND((TODAY()-I73)/365*5,2)*2 -> 10.1 | DX73: =-AI73+AJ73+AS73+BB73+BK73+BT73+CC73+CL73+CV73+DE73+DN73 -> 9 | DY73: =DW73-DX73 -> 1.1 | DZ73: =T73+U73+AC73+AD73+AO73+AP73+AX73+AY73++BG73+BH73+BP73+BQ73+BY73+BZ73+CH73+CI73+CQ73+CR73+DA73+DB73+DJ73+DK73+DS73+DT73 -> 255.5 | EA73: =S73+AB73+AN73+AW73+BF73+BO73+BX73+CG73+CP73+CZ73+DI73+DR73 -> 0 | EB73: =J73+U73-S73+AD73-AB73+AP73-AN73+AY73-AW73+BH73-BF73+BQ73-BO73+BZ73-BX73+CI73-CG73+CR73-CP73+DB73-CZ73+DK73-DI73+DT73-DR73-CU73 -> 0 | EC73: =T73+AC73+AO73+BG73+BP73+BY73+CH73+CQ73+DA73+DA73+DJ73+DS73 -> 239.5 | ED73: =P73+Y73+AK73+AT73+BC73+BL73+BU73+CD73+CM73+CW73+DF73+DO73 -> 0 | EE73: =Q73+Z73+AL73+AU73+BD73+BM73+BV73+CE73+CN73+CX73+DG73+DP73 -> 0 | EF73: =R73+AA73+AM73+AV73+BE73+BN73+BW73+CF73+CO73+CY73+DH73+DQ73 -> 0 | EG73: =V73+AE73+AQ73+AZ73+BI73+BR73+CA73+CJ73+CS73+DC73+DL73+DU73 -> 0
A74: =ROW()-2 -> 72 | B74: 沈刚 | C74: 上海 | D74: 产研二部 | E74: / | F74: 研发副总 | G74: 42005 | H74: 45292 | I74: 45658 | J74: 0 | K74: =ROUND((I74-H74)/365*5,0)*3 -> 15 | L74: 11 | M74: =K74-L74 -> 4 | O74: 1 | X74: 2 | AG74: =O74+X74 -> 3 | AH74: =M74-AG74 -> 1 | AI74: =IF(AH74<0,AH74,0) -> 0 | AJ74: 1 | AS74: 1.5 | BB74: 0.5 | BK74: 2 | BT74: 1.5 | DE74: 2 | DW74: =ROUND((TODAY()-I74)/365*5,2)*3 -> 15.15 | DX74: =-AI74+AJ74+AS74+BB74+BK74+BT74+CC74+CL74+CV74+DE74+DN74 -> 8.5 | DY74: =DW74-DX74 -> 6.65 | DZ74: =T74+U74+AC74+AD74+AO74+AP74+AX74+AY74++BG74+BH74+BP74+BQ74+BY74+BZ74+CH74+CI74+CQ74+CR74+DA74+DB74+DJ74+DK74+DS74+DT74 -> 0 | EA74: =S74+AB74+AN74+AW74+BF74+BO74+BX74+CG74+CP74+CZ74+DI74+DR74 -> 0 | EB74: =J74+U74-S74+AD74-AB74+AP74-AN74+AY74-AW74+BH74-BF74+BQ74-BO74+BZ74-BX74+CI74-CG74+CR74-CP74+DB74-CZ74+DK74-DI74+DT74-DR74-CU74 -> 0 | EC74: =T74+AC74+AO74+BG74+BP74+BY74+CH74+CQ74+DA74+DA74+DJ74+DS74 -> 0 | ED74: =P74+Y74+AK74+AT74+BC74+BL74+BU74+CD74+CM74+CW74+DF74+DO74 -> 0 | EE74: =Q74+Z74+AL74+AU74+BD74+BM74+BV74+CE74+CN74+CX74+DG74+DP74 -> 0 | EF74: =R74+AA74+AM74+AV74+BE74+BN74+BW74+CF74+CO74+CY74+DH74+DQ74 -> 0 | EG74: =V74+AE74+AQ74+AZ74+BI74+BR74+CA74+CJ74+CS74+DC74+DL74+DU74 -> 0
A75: =ROW()-2 -> 73 | B75: 周宏坤 | C75: 上海 | D75: 产研二部 | E75: 后台二组 | F75: 资深Java开发工程师 | G75: 43957 | H75: 45292 | I75: 45658 | J75: 0 | K75: =ROUND((I75-H75)/365*5,0) -> 5 | L75: 5 | M75: =K75-L75 -> 0 | O75: 2 | T75: 8 | X75: 1 | AG75: =O75+X75 -> 3 | AH75: =M75-AG75 -> -3 | AI75: =IF(AH75<0,AH75,0) -> -3 | AO75: 16 | AS75: 2 | BL75: 8 | BY75: 5.5 | CH75: 22.5 | CM75: 8 | CQ75: 8 | CW75: 26.5 | DJ75: 6.5 | DW75: =ROUND((TODAY()-I75)/365*5,2) -> 5.05 | DX75: =-AI75+AJ75+AS75+BB75+BK75+BT75+CC75+CL75+CV75+DE75+DN75 -> 5 | DY75: =DW75-DX75 -> 0.05 | DZ75: =T75+U75+AC75+AD75+AO75+AP75+AX75+AY75++BG75+BH75+BP75+BQ75+BY75+BZ75+CH75+CI75+CQ75+CR75+DA75+DB75+DJ75+DK75+DS75+DT75 -> 66.5 | EA75: =S75+AB75+AN75+AW75+BF75+BO75+BX75+CG75+CP75+CZ75+DI75+DR75 -> 0 | EB75: =J75+U75-S75+AD75-AB75+AP75-AN75+AY75-AW75+BH75-BF75+BQ75-BO75+BZ75-BX75+CI75-CG75+CR75-CP75+DB75-CZ75+DK75-DI75+DT75-DR75-CU75 -> 0 | EC75: =T75+AC75+AO75+BG75+BP75+BY75+CH75+CR75+DA75+DA75+DJ75+DS75 -> 58.5 | ED75: =P75+Y75+AK75+AT75+BC75+BL75+BU75+CD75+CM75+CW75+DF75+DO75 -> 42.5 | EE75: =Q75+Z75+AL75+AU75+BD75+BM75+BV75+CE75+CN75+CX75+DG75+DP75 -> 0 | EF75: =R75+AA75+AM75+AV75+BE75+BN75+BW75+CF75+CO75+CY75+DH75+DQ75 -> 0 | EG75: =V75+AE75+AQ75+AZ75+BI75+BR75+CA75+CJ75+CS75+DC75+DL75+DU75 -> 0
A76: =ROW()-2 -> 74 | B76: 夏菁 | C76: 上海 | D76: 产研二部 | E76: 测试二部 | F76: 测试经理 | G76: 44075 | H76: 45292 | I76: 45658 | J76: 83 | K76: =ROUND((I76-H76)/365*5,0) -> 5 | L76: 5 | M76: =K76-L76 -> 0 | U76: 15 | X76: 4 | AG76: =O76+X76 -> 4 | AH76: =M76-AG76 -> -4 | AI76: =IF(AH76<0,AH76,0) -> -4 | AP76: 16 | AY76: 8 | BG76: 16 | BH76: 8 | BJ76: 80 | BP76: 8 | BT76: 1 | BW76: 2 | BX76: 19.5 | BZ76: 16 | CI76: 26 | CP76: 4 | CR76: 18 | CU76: 120 | CZ76: 8 | DB76: 8.5 | DK76: 25.5 | DP76: 3 | DS76: 19 | DT76: 19.5 | DW76: =ROUND((TODAY()-I76)/365*5,2)*2 -> 10.1 | DX76: =-AI76+AJ76+AS76+BB76+BK76+BT76+CC76+CL76+CV76+DE76+DN76 -> 5 | DY76: =DW76-DX76 -> 5.1 | DZ76: =T76+U76+AC76+AD76+AO76+AP76+AX76+AY76++BG76+BH76+BP76+BQ76+BY76+BZ76+CH76+CI76+CQ76+CR76+DA76+DB76+DJ76+DK76+DS76+DT76 -> 203.5 | EA76: =S76+AB76+AN76+AW76+BF76+BO76+BX76+CG76+CP76+CZ76+DI76+DR76 -> 31.5 | EB76: =J76+U76-S76+AD76-AB76+AP76-AN76+AY76-AW76+BH76-BF76+BQ76-BO76+BZ76-BX76+CI76-CG76+CR76-CP76+DB76-CZ76+DK76-DI76+DT76-DR76-CU76 -> 92 | EC76: =T76+AC76+AO76+BG76+BP76+BY76+CH76+CQ76+DA76+DA76+DJ76+DS76 -> 43 | ED76: =P76+Y76+AK76+AT76+BC76+BL76+BU76+CD76+CM76+CW76+DF76+DO76 -> 0 | EE76: =Q76+Z76+AL76+AU76+BD76+BM76+BV76+CE76+CN76+CX76+DG76+DP76 -> 3 | EF76: =R76+AA76+AM76+AV76+BE76+BN76+BW76+CF76+CO76+CY76+DH76+DQ76 -> 2 | EG76: =V76+AE76+AQ76+AZ76+BI76+BR76+CA76+CJ76+CS76+DC76+DL76+DU76 -> 0
A77: =ROW()-2 -> 75 | B77: 王敬豪 | C77: 上海 | D77: 产研二部 | E77: 后台二组 | F77: Java开发工程师 | G77: 44753 | H77: 45292 | I77: 45658 | J77: 0 | K77: =ROUND((I77-H77)/365*5,0) -> 5 | L77: 5 | M77: =K77-L77 -> 0 | O77: 1 | X77: 3 | AG77: =O77+X77 -> 4 | AH77: =M77-AG77 -> -4 | AI77: =IF(AH77<0,AH77,0) -> -4 | AJ77: 1 | AO77: 24 | AT77: 16 | AU77: 1.5 | BC77: 8 | CH77: 8 | CQ77: 8 | CW77: 2.5 | DJ77: 16 | DS77: 2.5 | DW77: =ROUND((TODAY()-I77)/365*5,2) -> 5.05 | DX77: =-AI77+AJ77+AS77+BB77+BK77+BT77+CC77+CL77+CV77+DE77+DN77 -> 5 | DY77: =DW77-DX77 -> 0.05 | DZ77: =T77+U77+AC77+AD77+AO77+AP77+AX77+AY77++BG77+BH77+BP77+BQ77+BY77+BZ77+CH77+CI77+CQ77+CR77+DA77+DB77+DJ77+DK77+DS77+DT77 -> 58.5 | EA77: =S77+AB77+AN77+AW77+BF77+BO77+BX77+CG77+CP77+CZ77+DI77+DR77 -> 0 | EB77: =J77+U77-S77+AD77-AB77+AP77-AN77+AY77-AW77+BH77-BF77+BQ77-BO77+BZ77-BX77+CI77-CG77+CR77-CP77+DB77-CZ77+DK77-DI77+DT77-DR77-CU77 -> 0 | EC77: =T77+AC77+AO77+BG77+BP77+BY77+CH77+CQ77+DA77+DA77+DJ77+DS77 -> 58.5 | ED77: =P77+Y77+AK77+AT77+BC77+BL77+BU77+CD77+CM77+CW77+DF77+DO77 -> 26.5 | EE77: =Q77+Z77+AL77+AU77+BD77+BM77+BV77+CE77+CN77+CX77+DG77+DP77 -> 1.5 | EF77: =R77+AA77+AM77+AV77+BE77+BN77+BW77+CF77+CO77+CY77+DH77+DQ77 -> 0 | EG77: =V77+AE77+AQ77+AZ77+BI77+BR77+CA77+CJ77+CS77+DC77+DL77+DU77 -> 0
A78: =ROW()-2 -> 76 | B78: 吴登朋 | C78: 上海 | D78: 产研二部 | E78: 后台一组 | F78: 测试工程师 | G78: 44970 | H78: 45292 | I78: 45658 | J78: 12 | K78: =ROUND((I78-H78)/365*5,0) -> 5 | L78: 5 | M78: =K78-L78 -> 0 | O78: 2 | U78: 10 | X78: 2.5 | AB78: 1.5 | AD78: 8 | AG78: =O78+X78 -> 4.5 | AH78: =M78-AG78 -> -4.5 | AI78: =IF(AH78<0,AH78,0) -> -4.5 | AP78: 40 | AW78: 9 | AY78: 13.5 | BG78: 8 | BO78: 2 | BP78: 26.5 | BQ78: 5.5 | BT78: 0.5 | BX78: 0.5 | BY78: 27 | CH78: 40 | CP78: 32 | CQ78: 24 | CZ78: 12 | DI78: 4.5 | DJ78: 24 | DS78: 28 | DT78: 5.5 | DW78: =ROUND((TODAY()-I78)/365*5,2) -> 5.05 | DX78: =-AI78+AJ78+AS78+BB78+BK78+BT78+CC78+CL78+CV78+DE78+DN78 -> 5 | DY78: =DW78-DX78 -> 0.05 | DZ78: =T78+U78+AC78+AD78+AO78+AP78+AX78+AY78++BG78+BH78+BP78+BQ78+BY78+BZ78+CH78+CI78+CQ78+CR78+DA78+DB78+DJ78+DK78+DS78+DT78 -> 260 | EA78: =S78+AB78+AN78+AW78+BF78+BO78+BX78+CG78+CP78+CZ78+DI78+DR78 -> 61.5 | EB78: =J78+U78-S78+AD78-AB78+AP78-AN78+AY78-AW78+BH78-BF78+BQ78-BO78+BZ78-BX78+CI78-CG78+CR78-CP78+DB78-CZ78+DK78-DI78+DT78-DR78-CU78 -> 33 | EC78: =T78+AC78+AO78+BG78+BP78+BY78+CH78+CQ78+DA78+DA78+DJ78+DS78 -> 177.5 | ED78: =P78+Y78+AK78+AT78+BC78+BL78+BU78+CD78+CM78+CW78+DF78+DO78 -> 0 | EE78: =Q78+Z78+AL78+AU78+BD78+BM78+BV78+CE78+CN78+CX78+DG78+DP78 -> 0 | EF78: =R78+AA78+AM78+AV78+BE78+BN78+BW78+CF78+CO78+CY78+DH78+DQ78 -> 0 | EG78: =V78+AE78+AQ78+AZ78+BI78+BR78+CA78+CJ78+CS78+DC78+DL78+DU78 -> 0
A79: =ROW()-2 -> 77 | B79: 胡军 | C79: 上海 | D79: 产研二部 | E79: 后台二组 | F79: 研发主管（Java） | G79: 44256 | H79: 45292 | I79: 45658 | J79: 14.5 | K79: =ROUND((I79-H79)/365*5,0) -> 5 | L79: 5 | M79: =K79-L79 -> 0 | O79: 2 | S79: 8 | U79: 7 | X79: 1 | AB79: 13.5 | AD79: 12 | AG79: =O79+X79 -> 3 | AH79: =M79-AG79 -> -3 | AI79: =IF(AH79<0,AH79,0) -> -3 | AJ79: 1.5 | AP79: 7 | BH79: 5 | BO79: 2 | BT79: 1 | CC79: 3 | CI79: 13.5 | CR79: 6.5 | CZ79: 24 | DK79: 8 | DT79: 8 | DW79: =ROUND((TODAY()-I79)/365*5,2)*2 -> 10.1 | DX79: =-AI79+AJ79+AS79+BB79+BK79+BT79+CC79+CL79+CV79+DE79+DN79 -> 8.5 | DY79: =DW79-DX79 -> 1.6 | DZ79: =T79+U79+AC79+AD79+AO79+AP79+AX79+AY79++BG79+BH79+BP79+BQ79+BY79+BZ79+CH79+CI79+CQ79+CR79+DA79+DB79+DJ79+DK79+DS79+DT79 -> 67 | EA79: =S79+AB79+AN79+AW79+BF79+BO79+BX79+CG79+CP79+CZ79+DI79+DR79 -> 47.5 | EB79: =J79+U79-S79+AD79-AB79+AP79-AN79+AY79-AW79+BH79-BF79+BQ79-BO79+BZ79-BX79+CI79-CG79+CR79-CP79+DB79-CZ79+DK79-DI79+DT79-DR79-CU79 -> 34 | EC79: =T79+AC79+AO79+BG79+BP79+BY79+CH79+CQ79+DA79+DA79+DJ79+DS79 -> 0 | ED79: =P79+Y79+AK79+AT79+BC79+BL79+BU79+CD79+CM79+CW79+DF79+DO79 -> 0 | EE79: =Q79+Z79+AL79+AU79+BD79+BM79+BV79+CE79+CN79+CX79+DG79+DP79 -> 0 | EF79: =R79+AA79+AM79+AV79+BE79+BN79+BW79+CF79+CO79+CY79+DH79+DQ79 -> 0 | EG79: =V79+AE79+AQ79+AZ79+BI79+BR79+CA79+CJ79+CS79+DC79+DL79+DU79 -> 0
A80: =ROW()-2 -> 78 | B80: 赵朝龙 | C80: 上海 | D80: 产研二部 | E80: 系统运维组 | F80: 运维工程师 | G80: 44977 | H80: 45292 | I80: 45658 | J80: 21.5 | K80: =ROUND((I80-H80)/365*5,0) -> 5 | L80: 5 | M80: =K80-L80 -> 0 | O80: 1 | S80: 16 | AD80: 5.5 | AG80: =O80+X80 -> 1 | AH80: =M80-AG80 -> -1 | AI80: =IF(AH80<0,AH80,0) -> -1 | AP80: 24 | AW80: 8 | BO80: 8 | BX80: 8 | CI80: 8 | CP80: 24 | CQ80: 16 | CR80: 9.5 | CZ80: 2.5 | DN80: 1 | DW80: =ROUND((TODAY()-I80)/365*5,2) -> 5.05 | DX80: =-AI80+AJ80+AS80+BB80+BK80+BT80+CC80+CL80+CV80+DE80+DN80 -> 2 | DY80: =DW80-DX80 -> 3.05 | DZ80: =T80+U80+AC80+AD80+AO80+AP80+AX80+AY80++BG80+BH80+BP80+BQ80+BY80+BZ80+CH80+CI80+CQ80+CR80+DA80+DB80+DJ80+DK80+DS80+DT80 -> 63 | EA80: =S80+AB80+AN80+AW80+BF80+BO80+BX80+CG80+CP80+CZ80+DI80+DR80 -> 66.5 | EB80: =J80+U80-S80+AD80-AB80+AP80-AN80+AY80-AW80+BH80-BF80+BQ80-BO80+BZ80-BX80+CI80-CG80+CR80-CP80+DB80-CZ80+DK80-DI80+DT80-DR80-CU80 -> 2 | EC80: =T80+AC80+AO80+BG80+BP80+BY80+CH80+CQ80+DA80+DA80+DJ80+DS80 -> 16 | ED80: =P80+Y80+AK80+AT80+BC80+BL80+BU80+CD80+CM80+CW80+DF80+DO80 -> 0 | EE80: =Q80+Z80+AL80+AU80+BD80+BM80+BV80+CE80+CN80+CX80+DG80+DP80 -> 0 | EF80: =R80+AA80+AM80+AV80+BE80+BN80+BW80+CF80+CO80+CY80+DH80+DQ80 -> 0 | EG80: =V80+AE80+AQ80+AZ80+BI80+BR80+CA80+CJ80+CS80+DC80+DL80+DU80 -> 0
A81: =ROW()-2 -> 79 | B81: 黄金伟 | C81: 上海 | D81: 产研二部 | E81: 系统运维组 | F81: 运维主管 | G81: 44322 | H81: 45292 | I81: 45658 | J81: 0 | K81: =ROUND((I81-H81)/365*5,0) -> 5 | L81: 5 | M81: =K81-L81 -> 0 | S81: 16 | U81: 18 | X81: 2 | AG81: =O81+X81 -> 2 | AH81: =M81-AG81 -> -2 | AI81: =IF(AH81<0,AH81,0) -> -2 | AN81: 12 | AP81: 40 | AW81: 8 | BF81: 12 | BT81: 1 | BX81: 8 | CC81: 1 | CG81: 2 | CI81: 16 | CL81: 1 | CP81: 24 | CR81: 24 | CZ81: 16 | DF81: 3.5 | DW81: =ROUND((TODAY()-I81)/365*5,2) -> 5.05 | DX81: =-AI81+AJ81+AS81+BB81+BK81+BT81+CC81+CL81+CV81+DE81+DN81 -> 5 | DY81: =DW81-DX81 -> 0.05 | DZ81: =T81+U81+AC81+AD81+AO81+AP81+AX81+AY81++BG81+BH81+BP81+BQ81+BY81+BZ81+CH81+CI81+CQ81+CR81+DA81+DB81+DJ81+DK81+DS81+DT81 -> 98 | EA81: =S81+AB81+AN81+AW81+BF81+BO81+BX81+CG81+CP81+CZ81+DI81+DR81 -> 98 | EB81: =J81+U81-S81+AD81-AB81+AP81-AN81+AY81-AW81+BH81-BF81+BQ81-BO81+BZ81-BX81+CI81-CG81+CR81-CP81+DB81-CZ81+DK81-DI81+DT81-DR81-CU81 -> 0 | EC81: =T81+AC81+AO81+BG81+BP81+BY81+CH81+CQ81+DA81+DA81+DJ81+DS81 -> 0 | ED81: =P81+Y81+AK81+AT81+BC81+BL81+BU81+CD81+CM81+CW81+DF81+DO81 -> 3.5 | EE81: =Q81+Z81+AL81+AU81+BD81+BM81+BV81+CE81+CN81+CX81+DG81+DP81 -> 0 | EF81: =R81+AA81+AM81+AV81+BE81+BN81+BW81+CF81+CO81+CY81+DH81+DQ81 -> 0 | EG81: =V81+AE81+AQ81+AZ81+BI81+BR81+CA81+CJ81+CS81+DC81+DL81+DU81 -> 0
A82: =ROW()-2 -> 80 | B82: 孙运成 | C82: 上海 | D82: 产研二部 | E82: 后台二组 | F82: Java开发工程师 | G82: 44992 | H82: 45292 | I82: 45658 | J82: 0 | K82: =ROUND((I82-H82)/365*5,0) -> 5 | L82: 5 | M82: =K82-L82 -> 0 | O82: 1 | T82: 4.5 | AG82: =O82+X82 -> 1 | AH82: =M82-AG82 -> -1 | AI82: =IF(AH82<0,AH82,0) -> -1 | AK82: 8 | AP82: 5.5 | AS82: 4 | AT82: 16 | AV82: 8 | BO82: 5.5 | BU82: 2.5 | CD82: 2.5 | CM82: 5 | CR82: 2.5 | CZ82: 2.5 | DA82: 3 | DC82: 1 | DL82: 1 | DW82: =ROUND((TODAY()-I82)/365*5,2) -> 5.05 | DX82: =-AI82+AJ82+AS82+BB82+BK82+BT82+CC82+CL82+CV82+DE82+DN82 -> 5 | DY82: =DW82-DX82 -> 0.05 | DZ82: =T82+U82+AC82+AD82+AO82+AP82+AX82+AY82++BG82+BH82+BP82+BQ82+BY82+BZ82+CH82+CI82+CQ82+CR82+DA82+DB82+DJ82+DK82+DS82+DT82 -> 15.5 | EA82: =S82+AB82+AN82+AW82+BF82+BO82+BX82+CG82+CP82+CZ82+DI82+DR82 -> 8 | EB82: =J82+U82-S82+AD82-AB82+AP82-AN82+AY82-AW82+BH82-BF82+BQ82-BO82+BZ82-BX82+CI82-CG82+CR82-CP82+DB82-CZ82+DK82-DI82+DT82-DR82-CU82 -> 0 | EC82: =T82+AC82+AO82+BG82+BP82+BY82+CH82+CQ82+DA82+DA82+DJ82+DS82 -> 10.5 | ED82: =P82+Y82+AK82+AT82+BC82+BO82+BU82+CD82+CM82+CW82+DF82+DO82 -> 39.5 | EE82: =Q82+Z82+AL82+AU82+BD82+BM82+BV82+CE82+CN82+CX82+DG82+DP82 -> 0 | EF82: =R82+AA82+AM82+AV82+BE82+BN82+BW82+CF82+CO82+CY82+DH82+DQ82 -> 8 | EG82: =V82+AE82+AQ82+AZ82+BI82+BR82+CA82+CJ82+CS82+DC82+DL82+DU82 -> 2
A83: =ROW()-2 -> 81 | B83: 牟立强 | C83: 上海 | D83: 业务二部 | E83: / | F83: 业务二部总监 | G83: 43166 | H83: 45292 | I83: 45658 | J83: 2.5 | K83: =ROUND((I83-H83)/365*5,0) -> 5 | L83: 4 | M83: =K83-L83 -> 1 | O83: 2 | S83: 16 | U83: 32 | AD83: 4 | AG83: =O83+X83 -> 2 | AH83: =M83-AG83 -> -1 | AI83: =IF(AH83<0,AH83,0) -> -1 | AP83: 8 | AW83: 6.5 | AY83: 8 | BF83: 9 | BO83: 15.5 | BQ83: 17.5 | BX83: 4 | BZ83: 16.5 | CC83: 4 | CG83: 8 | CP83: 8 | CR83: 8 | CZ83: 5 | DB83: 16 | DE83: 0.5 | DR83: 12 | DT83: 8.5 | DW83: =ROUND((TODAY()-I83)/365*5,2)+1 -> 6.05 | DX83: =-AI83+AJ83+AS83+BB83+BK83+BT83+CC83+CL83+CV83+DE83+DN83 -> 5.5 | DY83: =DW83-DX83 -> 0.55 | DZ83: =T83+U83+AC83+AD83+AO83+AP83+AX83+AY83++BG83+BH83+BP83+BQ83+BY83+BZ83+CH83+CI83+CQ83+CR83+DA83+DB83+DJ83+DK83+DS83+DT83 -> 118.5 | EA83: =S83+AB83+AN83+AW83+BF83+BO83+BX83+CG83+CP83+CZ83+DI83+DR83 -> 84 | EB83: =J83+U83-S83+AD83-AB83+AP83-AN83+AY83-AW83+BH83-BF83+BQ83-BO83+BZ83-BX83+CI83-CG83+CR83-CP83+DB83-CZ83+DK83-DI83+DT83-DR83-CU83 -> 37 | EC83: =T83+AC83+AO83+BG83+BP83+BY83+CH83+CQ83+DA83+DA83+DJ83+DS83 -> 0 | ED83: =P83+Y83+AK83+AT83+BC83+BL83+BU83+CD83+CM83+CW83+DF83+DO83 -> 0 | EE83: =Q83+Z83+AL83+AU83+BD83+BM83+BV83+CE83+CN83+CX83+DG83+DP83 -> 0 | EF83: =R83+AA83+AM83+AV83+BE83+BN83+BW83+CF83+CO83+CY83+DH83+DQ83 -> 0 | EG83: =V83+AE83+AQ83+AZ83+BI83+BR83+CA83+CJ83+CS83+DC83+DL83+DU83 -> 0
A84: =ROW()-2 -> 82 | B84: 吴戈 | C84: 上海 | D84: 业务二部 | E84: / | F84: 业务运营 | G84: 44166 | H84: 45292 | I84: 45658 | J84: 6 | K84: =ROUND((I84-H84)/365*5,0) -> 5 | L84: 4 | M84: =K84-L84 -> 1 | X84: 1 | AG84: =O84+X84 -> 1 | AH84: =M84-AG84 -> 0 | AI84: =IF(AH84<0,AH84,0) -> 0 | AY84: 8 | BB84: 1 | CC84: 4 | CZ84: 4 | DW84: =ROUND((TODAY()-I84)/365*5,2) -> 5.05 | DX84: =-AI84+AJ84+AS84+BB84+BK84+BT84+CC84+CL84+CV84+DE84+DN84 -> 5 | DY84: =DW84-DX84 -> 0.05 | DZ84: =T84+U84+AC84+AD84+AO84+AP84+AX84+AY84++BG84+BH84+BP84+BQ84+BY84+BZ84+CH84+CI84+CQ84+CR84+DA84+DB84+DJ84+DK84+DS84+DT84 -> 8 | EA84: =S84+AB84+AN84+AW84+BF84+BO84+BX84+CG84+CP84+CZ84+DI84+DR84 -> 4 | EB84: =J84+U84-S84+AD84-AB84+AP84-AN84+AY84-AW84+BH84-BF84+BQ84-BO84+BZ84-BX84+CI84-CG84+CR84-CP84+DB84-CZ84+DK84-DI84+DT84-DR84-CU84 -> 10 | EC84: =T84+AC84+AO84+BG84+BP84+BY84+CH84+CQ84+DA84+DA84+DJ84+DS84 -> 0 | ED84: =P84+Y84+AK84+AT84+BC84+BL84+BU84+CD84+CM84+CW84+DF84+DO84 -> 0 | EE84: =Q84+Z84+AL84+AU84+BD84+BM84+BV84+CE84+CN84+CX84+DG84+DP84 -> 0 | EF84: =R84+AA84+AM84+AV84+BE84+BN84+BW84+CF84+CO84+CY84+DH84+DQ84 -> 0 | EG84: =V84+AE84+AQ84+AZ84+BI84+BR84+CA84+CJ84+CS84+DC84+DL84+DU84 -> 0
A85: =ROW()-2 -> 83 | B85: 孙静怡 | C85: 上海 | D85: 业务二部 | E85: / | F85: 业务运营 | G85: 44324 | H85: 45292 | I85: 45658 | J85: 3 | K85: =ROUND((I85-H85)/365*5,0) -> 5 | L85: 5 | M85: =K85-L85 -> 0 | S85: 19 | U85: 16 | AG85: =O85+X85 -> 0 | AH85: =M85-AG85 -> 0 | AI85: =IF(AH85<0,AH85,0) -> 0 | BT85: 2 | CC85: 0.5 | CL85: 1 | CQ85: 4 | DE85: 0.5 | DJ85: 12 | DN85: 1 | DS85: 8 | DW85: =ROUND((TODAY()-I85)/365*5,2) -> 5.05 | DX85: =-AI85+AJ85+AS85+BB85+BK85+BT85+CC85+CL85+CV85+DE85+DN85 -> 5 | DY85: =DW85-DX85 -> 0.05 | DZ85: =T85+U85+AC85+AD85+AO85+AP85+AX85+AY85++BG85+BH85+BP85+BQ85+BY85+BZ85+CH85+CI85+CQ85+CR85+DA85+DB85+DJ85+DK85+DS85+DT85 -> 40 | EA85: =S85+AB85+AN85+AW85+BF85+BO85+BX85+CG85+CP85+CZ85+DI85+DR85 -> 19 | EB85: =J85+U85-S85+AD85-AB85+AP85-AN85+AY85-AW85+BH85-BF85+BQ85-BO85+BZ85-BX85+CI85-CG85+CR85-CP85+DB85-CZ85+DK85-DI85+DT85-DR85-CU85 -> 0 | EC85: =T85+AC85+AO85+BG85+BP85+BY85+CH85+CQ85+DA85+DA85+DJ85+DS85 -> 24 | ED85: =P85+Y85+AK85+AT85+BC85+BL85+BU85+CD85+CM85+CW85+DF85+DO85 -> 0 | EE85: =Q85+Z85+AL85+AU85+BD85+BM85+BV85+CE85+CN85+CX85+DG85+DP85 -> 0 | EF85: =R85+AA85+AM85+AV85+BE85+BN85+BW85+CF85+CO85+CY85+DH85+DQ85 -> 0 | EG85: =V85+AE85+AQ85+AZ85+BI85+BR85+CA85+CJ85+CS85+DC85+DL85+DU85 -> 0
A86: =ROW()-2 -> 84 | B86: 陈春霞 | C86: 上海 | D86: 上海营销二部 | E86: 陈春霞组 | F86: 中级销售主管 | G86: 43262 | H86: 45292 | I86: 45658 | J86: 0 | K86: =ROUND((I86-H86)/365*5,0) -> 5 | L86: 5 | M86: =K86-L86 -> 0 | S86: 24 | U86: 24 | X86: 0.5 | AB86: 12 | AD86: 16 | AG86: =O86+X86 -> 0.5 | AH86: =M86-AG86 -> -0.5 | AI86: =IF(AH86<0,AH86,0) -> -0.5 | AN86: 12 | AP86: 8 | AW86: 8 | AY86: 8 | BF86: 24 | BH86: 24 | BO86: 8 | BQ86: 16 | BX86: 10 | BZ86: 16 | CJ86: 0.5 | CP86: 8 | CR86: 8 | CS86: 2.5 | CZ86: 8 | DB86: 8 | DC86: 2 | DI86: 16 | DK86: 16 | DN86: 2 | DR86: 16 | DT86: 16 | DW86: =ROUND((TODAY()-I86)/365*5,2) -> 5.05 | DX86: =-AI86+AJ86+AS86+BB86+BK86+BT86+CC86+CL86+CV86+DE86+DN86 -> 2.5 | DY86: =DW86-DX86 -> 2.55 | DZ86: =T86+U86+AC86+AD86+AO86+AP86+AX86+AY86++BG86+BH86+BP86+BQ86+BY86+BZ86+CH86+CI86+CQ86+CR86+DA86+DB86+DJ86+DK86+DS86+DT86 -> 160 | EA86: =S86+AB86+AN86+AW86+BF86+BO86+BX86+CG86+CP86+CZ86+DI86+DR86 -> 146 | EB86: =J86+U86-S86+AD86-AB86+AP86-AN86+AY86-AW86+BH86-BF86+BQ86-BO86+BZ86-BX86+CI86-CG86+CR86-CP86+DB86-CZ86+DK86-DI86+DT86-DR86-CU86 -> 14 | EC86: =T86+AC86+AO86+BG86+BP86+BY86+CH86+CQ86+DA86+DA86+DJ86+DS86 -> 0 | ED86: =P86+Y86+AK86+AT86+BC86+BL86+BU86+CD86+CM86+CW86+DF86+DO86 -> 0 | EE86: =Q86+Z86+AL86+AU86+BD86+BM86+BV86+CE86+CN86+CX86+DG86+DP86 -> 0 | EF86: =R86+AA86+AM86+AV86+BE86+BN86+BW86+CF86+CO86+CY86+DH86+DQ86 -> 0 | EG86: =V86+AE86+AQ86+AZ86+BI86+BR86+CA86+CJ86+CS86+DC86+DL86+DU86 -> 5
A87: =ROW()-2 -> 85 | B87: 朱行悟 | C87: 上海 | D87: 上海营销一部 | E87: 朱行悟组 | F87: 中级销售主管 | G87: 43424 | H87: 45292 | I87: 45658 | J87: 0 | K87: =ROUND((I87-H87)/365*5,0) -> 5 | L87: 0 | M87: =K87-L87 -> 5 | O87: 2 | S87: 8 | U87: 8 | X87: 1.5 | AG87: =O87+X87 -> 3.5 | AH87: =M87-AG87 -> 1.5 | AI87: =IF(AH87<0,AH87,0) -> 0 | BO87: 3 | BQ87: 5 | BU87: 4 | CI87: 8 | CP87: 20 | CR87: 24 | DI87: 5 | DK87: 8 | DR87: 8 | DT87: 8 | DW87: =ROUND((TODAY()-I87)/365*5,2) -> 5.05 | DX87: =-AI87+AJ87+AS87+BB87+BK87+BT87+CC87+CL87+CV87+DE87+DN87 -> 0 | DY87: =DW87-DX87 -> 5.05 | DZ87: =T87+U87+AC87+AD87+AO87+AP87+AX87+AY87++BG87+BH87+BP87+BQ87+BY87+BZ87+CH87+CI87+CQ87+CR87+DA87+DB87+DJ87+DK87+DS87+DT87 -> 61 | EA87: =S87+AB87+AN87+AW87+BF87+BO87+BX87+CG87+CP87+CZ87+DI87+DR87 -> 44 | EB87: =J87+U87-S87+AD87-AB87+AP87-AN87+AY87-AW87+BH87-BF87+BQ87-BO87+BZ87-BX87+CI87-CG87+CR87-CP87+DB87-CZ87+DK87-DI87+DT87-DR87-CU87 -> 17 | EC87: =T87+AC87+AO87+BG87+BP87+BY87+CH87+CQ87+DA87+DA87+DJ87+DS87 -> 0 | ED87: =P87+Y87+AK87+AT87+BC87+BL87+BU87+CD87+CM87+CW87+DF87+DO87 -> 4 | EE87: =Q87+Z87+AL87+AU87+BD87+BM87+BV87+CE87+CN87+CX87+DG87+DP87 -> 0 | EF87: =R87+AA87+AM87+AV87+BE87+BN87+BW87+CF87+CO87+CY87+DH87+DQ87 -> 0 | EG87: =V87+AE87+AQ87+AZ87+BI87+BR87+CA87+CJ87+CS87+DC87+DL87+DU87 -> 0
A88: =ROW()-2 -> 86 | B88: 马泽生 | C88: 上海 | D88: 上海营销一部 | E88: 朱行悟组 | F88: 资深销售五级 | G88: 43612 | H88: 45292 | I88: 45658 | J88: 0 | K88: =ROUND((I88-H88)/365*5,0) -> 5 | L88: 3 | M88: =K88-L88 -> 2 | O88: 3 | S88: 16 | U88: 16 | AE88: 1 | AG88: =O88+X88 -> 3 | AH88: =M88-AG88 -> -1 | AI88: =IF(AH88<0,AH88,0) -> -1 | AQ88: 1 | AS88: 2 | AW88: 16 | AY88: 16 | BI88: 1 | CA88: 1 | CC88: 1 | CG88: 24 | CI88: 24 | CL88: 1 | CP88: 24 | CR88: 24 | DT88: 16 | DW88: =ROUND((TODAY()-I88)/365*5,2) -> 5.05 | DX88: =-AI88+AJ88+AS88+BB88+BK88+BT88+CC88+CL88+CV88+DE88+DN88 -> 5 | DY88: =DW88-DX88 -> 0.05 | DZ88: =T88+U88+AC88+AD88+AO88+AP88+AX88+AY88++BG88+BH88+BP88+BQ88+BY88+BZ88+CH88+CI88+CQ88+CR88+DA88+DB88+DJ88+DK88+DS88+DT88 -> 96 | EA88: =S88+AB88+AN88+AW88+BF88+BO88+BX88+CG88+CP88+CZ88+DI88+DR88 -> 80 | EB88: =J88+U88-S88+AD88-AB88+AP88-AN88+AY88-AW88+BH88-BF88+BQ88-BO88+BZ88-BX88+CI88-CG88+CR88-CP88+DB88-CZ88+DK88-DI88+DT88-DR88-CU88 -> 16 | EC88: =T88+AC88+AO88+BG88+BP88+BY88+CH88+CQ88+DA88+DA88+DJ88+DS88 -> 0 | ED88: =P88+Y88+AK88+AT88+BC88+BL88+BU88+CD88+CM88+CW88+DF88+DO88 -> 0 | EE88: =Q88+Z88+AL88+AU88+BD88+BM88+BV88+CE88+CN88+CX88+DG88+DP88 -> 0 | EF88: =R88+AA88+AM88+AV88+BE88+BN88+BW88+CF88+CO88+CY88+DH88+DQ88 -> 0 | EG88: =V88+AE88+AQ88+AZ88+BI88+BR88+CA88+CJ88+CS88+DC88+DL88+DU88 -> 4
A89: =ROW()-2 -> 87 | B89: 周媛 | C89: 上海 | D89: 上海营销一部 | E89: 周媛组 | F89: 销售主管 | G89: 43455 | H89: 45292 | I89: 45658 | J89: 0 | K89: =ROUND((I89-H89)/365*5,0) -> 5 | L89: 1 | M89: =K89-L89 -> 4 | O89: 3 | S89: 16 | U89: 16 | X89: 1 | AG89: =O89+X89 -> 4 | AH89: =M89-AG89 -> 0 | AI89: =IF(AH89<0,AH89,0) -> 0 | AW89: 8 | AY89: 8 | BF89: 8 | BH89: 8 | BL89: 8 | DW89: =ROUND((TODAY()-I89)/365*5,2) -> 5.05 | DX89: =-AI89+AJ89+AS89+BB89+BK89+BT89+CC89+CL89+CV89+DE89+DN89 -> 0 | DY89: =DW89-DX89 -> 5.05 | DZ89: =T89+U89+AC89+AD89+AO89+AP89+AX89+AY89++BG89+BH89+BP89+BQ89+BY89+BZ89+CH89+CI89+CQ89+CR89+DA89+DB89+DJ89+DK89+DS89+DT89 -> 32 | EA89: =S89+AB89+AN89+AW89+BF89+BO89+BX89+CG89+CP89+CZ89+DI89+DR89 -> 32 | EB89: =J89+U89-S89+AD89-AB89+AP89-AN89+AY89-AW89+BH89-BF89+BQ89-BO89+BZ89-BX89+CI89-CG89+CR89-CP89+DB89-CZ89+DK89-DI89+DT89-DR89-CU89 -> 0 | EC89: =T89+AC89+AO89+BG89+BP89+BY89+CH89+CQ89+DA89+DA89+DJ89+DS89 -> 0 | ED89: =P89+Y89+AK89+AT89+BC89+BL89+BU89+CD89+CM89+CW89+DF89+DO89 -> 8 | EE89: =Q89+Z89+AL89+AU89+BD89+BM89+BV89+CE89+CN89+CX89+DG89+DP89 -> 0 | EF89: =R89+AA89+AM89+AV89+BE89+BN89+BW89+CF89+CO89+CY89+DH89+DQ89 -> 0 | EG89: =V89+AE89+AQ89+AZ89+BI89+BR89+CA89+CJ89+CS89+DC89+DL89+DU89 -> 0
A90: =ROW()-2 -> 88 | B90: 董皊 | C90: 上海 | D90: 上海营销一部 | E90: 董皊组 | F90: 运营主管 | G90: 43619 | H90: 45292 | I90: 45658 | J90: 0 | K90: =ROUND((I90-H90)/365*5,0)*2 -> 10 | L90: 6.5 | M90: =K90-L90 -> 3.5 | O90: 5 | X90: 0.5 | AG90: =O90+X90 -> 5.5 | AH90: =M90-AG90 -> -2 | AI90: =IF(AH90<0,AH90,0) -> -2 | BT90: 4 | DN90: 1 | DW90: =ROUND((TODAY()-I90)/365*5,2)*2 -> 10.1 | DX90: =-AI90+AJ90+AS90+BB90+BK90+BT90+CC90+CL90+CV90+DE90+DN90 -> 7 | DY90: =DW90-DX90 -> 3.1 | DZ90: =T90+U90+AC90+AD90+AO90+AP90+AX90+AY90++BG90+BH90+BP90+BQ90+BY90+BZ90+CH90+CI90+CQ90+CR90+DA90+DB90+DJ90+DK90+DS90+DT90 -> 0 | EA90: =S90+AB90+AN90+AW90+BF90+BO90+BX90+CG90+CP90+CZ90+DI90+DR90 -> 0 | EB90: =J90+U90-S90+AD90-AB90+AP90-AN90+AY90-AW90+BH90-BF90+BQ90-BO90+BZ90-BX90+CI90-CG90+CR90-CP90+DB90-CZ90+DK90-DI90+DT90-DR90-CU90 -> 0 | EC90: =T90+AC90+AO90+BG90+BP90+BY90+CH90+CQ90+DA90+DA90+DJ90+DS90 -> 0 | ED90: =P90+Y90+AK90+AT90+BC90+BL90+BU90+CD90+CM90+CW90+DF90+DO90 -> 0 | EE90: =Q90+Z90+AL90+AU90+BD90+BM90+BV90+CE90+CN90+CX90+DG90+DP90 -> 0 | EF90: =R90+AA90+AM90+AV90+BE90+BN90+BW90+CF90+CO90+CY90+DH90+DQ90 -> 0 | EG90: =V90+AE90+AQ90+AZ90+BI90+BR90+CA90+CJ90+CS90+DC90+DL90+DU90 -> 0
A91: =ROW()-2 -> 89 | B91: 朱韦平 | C91: 上海 | D91: 上海营销一部 | E91: 董皊组 | F91: 运营专员 | G91: 43766 | H91: 45292 | I91: 45658 | J91: 0 | K91: =ROUND((I91-H91)/365*5,0) -> 5 | L91: 4 | M91: =K91-L91 -> 1 | O91: 1 | S91: 16 | U91: 16 | V91: 1 | X91: 1 | AE91: 3 | AG91: =O91+X91 -> 2 | AH91: =M91-AG91 -> -1 | AI91: =IF(AH91<0,AH91,0) -> -1 | AO91: 16 | AX91: 16 | BG91: 16 | BK91: 1 | BP91: 16 | BY91: 16 | CC91: 1 | CH91: 16 | CL91: 1 | CQ91: 16 | DA91: 16 | DE91: 1 | DJ91: 16 | DS91: 16 | DW91: =ROUND((TODAY()-I91)/365*5,2) -> 5.05 | DX91: =-AI91+AJ91+AS91+BB91+BK91+BT91+CC91+CL91+CV91+DE91+DN91 -> 5 | DY91: =DW91-DX91 -> 0.05 | DZ91: =T91+U91+AC91+AD91+AO91+AP91+AX91+AY91++BG91+BH91+BP91+BQ91+BY91+BZ91+CH91+CI91+CQ91+CR91+DA91+DB91+DJ91+DK91+DS91+DT91 -> 176 | EA91: =S91+AB91+AN91+AW91+BF91+BO91+BX91+CG91+CP91+CZ91+DI91+DR91 -> 16 | EB91: =J91+U91-S91+AD91-AB91+AP91-AN91+AY91-AW91+BH91-BF91+BQ91-BO91+BZ91-BX91+CI91-CG91+CR91-CP91+DB91-CZ91+DK91-DI91+DT91-DR91-CU91 -> 0 | EC91: =T91+AC91+AO91+BG91+BP91+BY91+CH91+CQ91+DA91+DA91+DJ91+DS91 -> 160 | ED91: =P91+Y91+AK91+AT91+BC91+BL91+BU91+CD91+CM91+CW91+DF91+DO91 -> 0 | EE91: =Q91+Z91+AL91+AU91+BD91+BM91+BV91+CE91+CN91+CX91+DG91+DP91 -> 0 | EF91: =R91+AA91+AM91+AV91+BE91+BN91+BW91+CF91+CO91+CY91+DH91+DQ91 -> 0 | EG91: =V91+AE91+AQ91+AZ91+BI91+BR91+CA91+CJ91+CS91+DC91+DL91+DU91 -> 4
A92: =ROW()-2 -> 90 | B92: 李梦 | C92: 上海 | D92: 上海营销三部 | E92: 李梦组 | F92: 运营主管 | G92: 43808 | H92: 45292 | I92: 45658 | J92: 0 | K92: =ROUND((I92-H92)/365*5,0) -> 5 | L92: 0 | M92: =K92-L92 -> 5 | O92: 7 | AG92: =O92+X92 -> 7 | AH92: =M92-AG92 -> -2 | AI92: =IF(AH92<0,AH92,0) -> -2 | AS92: 0.5 | BK92: 2 | CV92: 0.5 | DW92: =ROUND((TODAY()-I92)/365*5,2) -> 5.05 | DX92: =-AI92+AJ92+AS92+BB92+BK92+BT92+CC92+CL92+CV92+DE92+DN92 -> 5 | DY92: =DW92-DX92 -> 0.05 | DZ92: =T92+U92+AC92+AD92+AO92+AP92+AX92+AY92++BG92+BH92+BP92+BQ92+BY92+BZ92+CH92+CI92+CQ92+CR92+DA92+DB92+DJ92+DK92+DS92+DT92 -> 0 | EA92: =S92+AB92+AN92+AW92+BF92+BO92+BX92+CG92+CP92+CZ92+DI92+DR92 -> 0 | EB92: =J92+U92-S92+AD92-AB92+AP92-AN92+AY92-AW92+BH92-BF92+BQ92-BO92+BZ92-BX92+CI92-CG92+CR92-CP92+DB92-CZ92+DK92-DI92+DT92-DR92-CU92 -> 0 | EC92: =T92+AC92+AO92+BG92+BP92+BY92+CH92+CQ92+DA92+DA92+DJ92+DS92 -> 0 | ED92: =P92+Y92+AK92+AT92+BC92+BL92+BU92+CD92+CM92+CW92+DF92+DO92 -> 0 | EE92: =Q92+Z92+AL92+AU92+BD92+BM92+BV92+CE92+CN92+CX92+DG92+DP92 -> 0 | EF92: =R92+AA92+AM92+AV92+BE92+BN92+BW92+CF92+CO92+CY92+DH92+DQ92 -> 0 | EG92: =V92+AE92+AQ92+AZ92+BI92+BR92+CA92+CJ92+CS92+DC92+DL92+DU92 -> 0
A93: =ROW()-2 -> 91 | B93: 蒋杰 | C93: 上海 | D93: 行政部 | E93: / | F93: 行政&营销总监 | G93: 42005 | H93: 45292 | I93: 45658 | J93: 0 | K93: =ROUND((I93-H93)/365*5,0)*2 -> 10 | L93: 8.5 | M93: =K93-L93 -> 1.5 | O93: 2 | AG93: =O93+X93 -> 2 | AH93: =M93-AG93 -> -0.5 | AI93: =IF(AH93<0,AH93,0) -> -0.5 | AS93: 0.5 | BB93: 1 | BK93: 1 | BT93: 3 | CC93: 1.5 | CV93: 0.5 | DT93: 15.5 | DW93: =ROUND((TODAY()-I93)/365*5,2)*2 -> 10.1 | DX93: =-AI93+AJ93+AS93+BB93+BK93+BT93+CC93+CL93+CV93+DE93+DN93 -> 8 | DY93: =DW93-DX93 -> 2.1 | DZ93: =T93+U93+AC93+AD93+AO93+AP93+AX93+AY93++BG93+BH93+BP93+BQ93+BY93+BZ93+CH93+CI93+CQ93+CR93+DA93+DB93+DJ93+DK93+DS93+DT93 -> 15.5 | EA93: =S93+AB93+AN93+AW93+BF93+BO93+BX93+CG93+CP93+CZ93+DI93+DR93 -> 0 | EB93: =J93+U93-S93+AD93-AB93+AP93-AN93+AY93-AW93+BH93-BF93+BQ93-BO93+BZ93-BX93+CI93-CG93+CR93-CP93+DB93-CZ93+DK93-DI93+DT93-DR93-CU93 -> 15.5 | EC93: =T93+AC93+AO93+BG93+BP93+BY93+CH93+CQ93+DA93+DA93+DJ93+DS93 -> 0 | ED93: =P93+Y93+AK93+AT93+BC93+BL93+BU93+CD93+CM93+CW93+DF93+DO93 -> 0 | EE93: =Q93+Z93+AL93+AU93+BD93+BM93+BV93+CE93+CN93+CX93+DG93+DP93 -> 0 | EF93: =R93+AA93+AM93+AV93+BE93+BN93+BW93+CF93+CO93+CY93+DH93+DQ93 -> 0 | EG93: =V93+AE93+AQ93+AZ93+BI93+BR93+CA93+CJ93+CS93+DC93+DL93+DU93 -> 0
A94: =ROW()-2 -> 92 | B94: 杨召军 | C94: 上海 | D94: 上海营销二部 | E94: 陈春霞组 | F94: 资深销售一级 | G94: 43640 | H94: 45292 | I94: 45658 | J94: 0 | K94: =ROUND((I94-H94)/365*5,0) -> 5 | L94: 5 | M94: =K94-L94 -> 0 | O94: 2 | S94: 8 | U94: 8 | Z94: 10 | AG94: =O94+X94 -> 2 | AH94: =M94-AG94 -> -2 | AI94: =IF(AH94<0,AH94,0) -> -2 | AL94: 21 | AU94: 3 | AW94: 8 | AY94: 8 | BF94: 16 | BH94: 16 | BO94: 8 | BQ94: 8 | BX94: 8 | BZ94: 8 | CG94: 16 | CI94: 16 | CP94: 24 | CR94: 24 | CZ94: 8 | DB94: 8 | DI94: 8 | DK94: 8 | DR94: 16 | DT94: 16 | DW94: =ROUND((TODAY()-I94)/365*5,2) -> 5.05 | DX94: =-AI94+AJ94+AS94+BB94+BK94+BT94+CC94+CL94+CV94+DE94+DN94 -> 2 | DY94: =DW94-DX94 -> 3.05 | DZ94: =T94+U94+AC94+AD94+AO94+AP94+AX94+AY94++BG94+BH94+BP94+BQ94+BY94+BZ94+CH94+CI94+CQ94+CR94+DA94+DB94+DJ94+DK94+DS94+DT94 -> 120 | EA94: =S94+AB94+AN94+AW94+BF94+BO94+BX94+CG94+CP94+CZ94+DI94+DR94 -> 120 | EB94: =J94+U94-S94+AD94-AB94+AP94-AN94+AY94-AW94+BH94-BF94+BQ94-BO94+BZ94-BX94+CI94-CG94+CR94-CP94+DB94-CZ94+DK94-DI94+DT94-DR94-CU94 -> 0 | EC94: =T94+AC94+AO94+BG94+BP94+BY94+CH94+CQ94+DA94+DA94+DJ94+DS94 -> 0 | ED94: =P94+Y94+AK94+AT94+BC94+BL94+BU94+CD94+CM94+CW94+DF94+DO94 -> 0 | EE94: =Q94+Z94+AL94+AU94+BD94+BM94+BV94+CE94+CN94+CX94+DG94+DP94 -> 34 | EF94: =R94+AA94+AM94+AV94+BE94+BN94+BW94+CF94+CO94+CY94+DH94+DQ94 -> 0 | EG94: =V94+AE94+AQ94+AZ94+BI94+BR94+CA94+CJ94+CS94+DC94+DL94+DU94 -> 0
A95: =ROW()-2 -> 93 | B95: 刘欢 | C95: 上海 | D95: 上海营销二部 | E95: / | F95: 资深销售二级 | G95: 43920 | H95: 45292 | I95: 45658 | J95: 0 | K95: =ROUND((I95-H95)/365*5,0) -> 5 | L95: 0 | M95: =K95-L95 -> 5 | O95: 3.5 | S95: 8 | U95: 8 | X95: 1.5 | AG95: =O95+X95 -> 5 | AH95: =M95-AG95 -> 0 | AI95: =IF(AH95<0,AH95,0) -> 0 | AK95: 0.83 | AN95: 16 | AP95: 16 | CC95: 1.5 | CG95: 16 | CI95: 16 | CP95: 8 | CR95: 24 | DN95: 0.5 | DR95: 16 | DT95: 16 | DW95: =ROUND((TODAY()-I95)/365*5,2) -> 5.05 | DX95: =-AI95+AJ95+AS95+BB95+BK95+BT95+CC95+CL95+CV95+DE95+DN95 -> 2 | DY95: =DW95-DX95 -> 3.05 | DZ95: =T95+U95+AC95+AD95+AO95+AP95+AX95+AY95++BG95+BH95+BP95+BQ95+BY95+BZ95+CH95+CI95+CQ95+CR95+DA95+DB95+DJ95+DK95+DS95+DT95 -> 80 | EA95: =S95+AB95+AN95+AW95+BF95+BO95+BX95+CG95+CP95+CZ95+DI95+DR95 -> 64 | EB95: =J95+U95-S95+AD95-AB95+AP95-AN95+AY95-AW95+BH95-BF95+BQ95-BO95+BZ95-BX95+CI95-CG95+CR95-CP95+DB95-CZ95+DK95-DI95+DT95-DR95-CU95 -> 16 | EC95: =T95+AC95+AO95+BG95+BP95+BY95+CH95+CQ95+DA95+DA95+DJ95+DS95 -> 0 | ED95: =P95+Y95+AK95+AT95+BC95+BL95+BU95+CD95+CM95+CW95+DF95+DO95 -> 0.83 | EE95: =Q95+Z95+AL95+AU95+BD95+BM95+BV95+CE95+CN95+CX95+DG95+DP95 -> 0 | EF95: =R95+AA95+AM95+AV95+BE95+BN95+BW95+CF95+CO95+CY95+DH95+DQ95 -> 0 | EG95: =V95+AE95+AQ95+AZ95+BI95+BR95+CA95+CJ95+CS95+DC95+DL95+DU95 -> 0
A96: =ROW()-2 -> 94 | B96: 周明 | C96: 上海 | D96: 上海营销二部 | E96: 陈春霞组 | F96: 资深销售一级 | G96: 43160 | H96: 45292 | I96: 45658 | J96: 0 | K96: =ROUND((I96-H96)/365*5,0) -> 5 | L96: 5 | M96: =K96-L96 -> 0 | P96: 1 | S96: 16 | U96: 16 | AD96: 8 | AG96: =O96+X96 -> 0 | AH96: =M96-AG96 -> 0 | AI96: =IF(AH96<0,AH96,0) -> 0 | BF96: 24 | BH96: 24 | BX96: 5.5 | BZ96: 6 | CG96: 21.5 | CI96: 24 | CP96: 24 | CR96: 25 | DW96: =ROUND((TODAY()-I96)/365*5,2) -> 5.05 | DX96: =-AI96+AJ96+AS96+BB96+BK96+BT96+CC96+CL96+CV96+DE96+DN96 -> 0 | DY96: =DW96-DX96 -> 5.05 | DZ96: =T96+U96+AC96+AD96+AO96+AP96+AX96+AY96++BG96+BH96+BP96+BQ96+BY96+BZ96+CH96+CI96+CQ96+CR96+DA96+DB96+DJ96+DK96+DS96+DT96 -> 103 | EA96: =S96+AB96+AN96+AW96+BF96+BO96+BX96+CG96+CP96+CZ96+DI96+DR96 -> 91 | EB96: =J96+U96-S96+AD96-AB96+AP96-AN96+AY96-AW96+BH96-BF96+BQ96-BO96+BZ96-BX96+CI96-CG96+CR96-CP96+DB96-CZ96+DK96-DI96+DT96-DR96-CU96 -> 12 | EC96: =T96+AC96+AO96+BG96+BP96+BY96+CH96+CQ96+DA96+DA96+DJ96+DS96 -> 0 | ED96: =P96+Y96+AK96+AT96+BC96+BL96+BU96+CD96+CM96+CW96+DF96+DO96 -> 1 | EE96: =Q96+Z96+AL96+AU96+BD96+BM96+BV96+CE96+CN96+CX96+DG96+DP96 -> 0 | EF96: =R96+AA96+AM96+AV96+BE96+BN96+BW96+CF96+CO96+CY96+DH96+DQ96 -> 0 | EG96: =V96+AE96+AQ96+AZ96+BI96+BR96+CA96+CJ96+CS96+DC96+DL96+DU96 -> 0
A97: =ROW()-2 -> 95 | B97: 丁应强 | C97: 上海 | D97: 上海营销二部 | E97: / | F97: 资深销售四级 | G97: 43248 | H97: 45292 | I97: 45658 | J97: 0 | K97: =ROUND((I97-H97)/365*5,0) -> 5 | L97: 5 | M97: =K97-L97 -> 0 | O97: 5 | S97: 24 | U97: 24 | AB97: 8 | AD97: 8 | AG97: =O97+X97 -> 5 | AH97: =M97-AG97 -> -5 | AI97: =IF(AH97<0,AH97,0) -> -5 | AN97: 8 | AP97: 8 | AW97: 8 | AY97: 8 | BC97: 8 | BO97: 8 | BQ97: 8 | BV97: 3 | BX97: 8 | BZ97: 8 | CG97: 16 | CI97: 16 | CM97: 3 | CN97: 2.5 | CP97: 24 | CR97: 24 | DF97: 32 | DI97: 24 | DK97: 24 | DW97: =ROUND((TODAY()-I97)/365*5,2) -> 5.05 | DX97: =-AI97+AJ97+AS97+BB97+BK97+BT97+CC97+CL97+CV97+DE97+DN97 -> 5 | DY97: =DW97-DX97 -> 0.05 | DZ97: =T97+U97+AC97+AD97+AO97+AP97+AX97+AY97++BG97+BH97+BP97+BQ97+BY97+BZ97+CH97+CI97+CQ97+CR97+DA97+DB97+DJ97+DK97+DS97+DT97 -> 128 | EA97: =S97+AB97+AN97+AW97+BF97+BO97+BX97+CG97+CP97+CZ97+DI97+DR97 -> 128 | EB97: =J97+U97-S97+AD97-AB97+AP97-AN97+AY97-AW97+BH97-BF97+BQ97-BO97+BZ97-BX97+CI97-CG97+CR97-CP97+DB97-CZ97+DK97-DI97+DT97-DR97-CU97 -> 0 | EC97: =T97+AC97+AO97+BG97+BP97+BY97+CH97+CQ97+DA97+DA97+DJ97+DS97 -> 0 | ED97: =P97+Y97+AK97+AT97+BC97+BL97+BU97+CD97+CM97+CW97+DF97+DO97 -> 43 | EE97: =Q97+Z97+AL97+AU97+BD97+BM97+BV97+CE97+CN97+CX97+DG97+DP97 -> 5.5 | EF97: =R97+AA97+AM97+AV97+BE97+BN97+BW97+CF97+CO97+CY97+DH97+DQ97 -> 0 | EG97: =V97+AE97+AQ97+AZ97+BI97+BR97+CA97+CJ97+CS97+DC97+DL97+DU97 -> 0
A98: =ROW()-2 -> 96 | B98: 刘伦星 | C98: 上海 | D98: 上海营销二部 | E98: 刘伦星组 | F98: 中级销售主管 | G98: 43920 | H98: 45292 | I98: 45658 | J98: 0 | K98: =ROUND((I98-H98)/365*5,0) -> 5 | L98: 5 | M98: =K98-L98 -> 0 | O98: 2 | S98: 16 | U98: 16 | X98: 0.5 | Y98: 1 | AG98: =O98+X98 -> 2.5 | AH98: =M98-AG98 -> -2.5 | AI98: =IF(AH98<0,AH98,0) -> -2.5 | AJ98: 1 | AY98: 4 | CC98: 0.5 | CL98: 1 | DW98: =ROUND((TODAY()-I98)/365*5,2)*2 -> 10.1 | DX98: =-AI98+AJ98+AS98+BB98+BK98+BT98+CC98+CL98+CV98+DE98+DN98 -> 5 | DY98: =DW98-DX98 -> 5.1 | DZ98: =T98+U98+AC98+AD98+AO98+AP98+AX98+AY98++BG98+BH98+BP98+BQ98+BY98+BZ98+CH98+CI98+CQ98+CR98+DA98+DB98+DJ98+DK98+DS98+DT98 -> 20 | EA98: =S98+AB98+AN98+AW98+BF98+BO98+BX98+CG98+CP98+CZ98+DI98+DR98 -> 16 | EB98: =J98+U98-S98+AD98-AB98+AP98-AN98+AY98-AW98+BH98-BF98+BQ98-BO98+BZ98-BX98+CI98-CG98+CR98-CP98+DB98-CZ98+DK98-DI98+DT98-DR98-CU98 -> 4 | EC98: =T98+AC98+AO98+BG98+BP98+BY98+CH98+CQ98+DA98+DA98+DJ98+DS98 -> 0 | ED98: =P98+Y98+AK98+AT98+BC98+BL98+BU98+CD98+CM98+CW98+DF98+DO98 -> 1 | EE98: =Q98+Z98+AL98+AU98+BD98+BM98+BV98+CE98+CN98+CX98+DG98+DP98 -> 0 | EF98: =R98+AA98+AM98+AV98+BE98+BN98+BW98+CF98+CO98+CY98+DH98+DQ98 -> 0 | EG98: =V98+AE98+AQ98+AZ98+BI98+BR98+CA98+CJ98+CS98+DC98+DL98+DU98 -> 0
A99: =ROW()-2 -> 97 | B99: 王景武 | C99: 上海 | D99: 上海营销二部 | E99: / | F99: 资深销售二级 | G99: 43437 | H99: 45292 | I99: 45658 | J99: 0 | K99: =ROUND((I99-H99)/365*5,0) -> 5 | L99: 5 | M99: =K99-L99 -> 0 | V99: 3.5 | AG99: =O99+X99 -> 0 | AH99: =M99-AG99 -> 0 | AI99: =IF(AH99<0,AH99,0) -> 0 | AN99: 12 | AP99: 12 | AW99: 4 | AY99: 4 | AZ99: 0.5 | BF99: 20 | BH99: 20 | BO99: 16 | BQ99: 16 | BX99: 4 | BZ99: 4 | CG99: 12 | CI99: 12 | CZ99: 8 | DB99: 16 | DI99: 8 | DK99: 8 | DU99: 1 | DW99: =ROUND((TODAY()-I99)/365*5,2) -> 5.05 | DX99: =-AI99+AJ99+AS99+BB99+BK99+BT99+CC99+CL99+CV99+DE99+DN99 -> 0 | DY99: =DW99-DX99 -> 5.05 | DZ99: =T99+U99+AC99+AD99+AO99+AP99+AX99+AY99++BG99+BH99+BP99+BQ99+BY99+BZ99+CH99+CI99+CQ99+CR99+DA99+DB99+DJ99+DK99+DS99+DT99 -> 92 | EA99: =S99+AB99+AN99+AW99+BF99+BO99+BX99+CG99+CP99+CZ99+DI99+DR99 -> 84 | EB99: =J99+U99-S99+AD99-AB99+AP99-AN99+AY99-AW99+BH99-BF99+BQ99-BO99+BZ99-BX99+CI99-CG99+CR99-CP99+DB99-CZ99+DK99-DI99+DT99-DR99-CU99 -> 8 | EC99: =T99+AC99+AO99+BG99+BP99+BY99+CH99+CQ99+DA99+DA99+DJ99+DS99 -> 0 | ED99: =P99+Y99+AK99+AT99+BC99+BL99+BU99+CD99+CM99+CW99+DF99+DO99 -> 0 | EE99: =Q99+Z99+AL99+AU99+BD99+BM99+BV99+CE99+CN99+CX99+DG99+DP99 -> 0 | EF99: =R99+AA99+AM99+AV99+BE99+BN99+BW99+CF99+CO99+CY99+DH99+DQ99 -> 0 | EG99: =V99+AE99+AQ99+AZ99+BI99+BR99+CA99+CJ99+CS99+DC99+DL99+DU99 -> 5
A100: =ROW()-2 -> 98 | B100: 吴菲 | C100: 上海 | D100: 上海营销二部 | E100: 吴菲组 | F100: 运营主管 | G100: 43384 | H100: 45292 | I100: 45658 | J100: 0 | K100: =ROUND((I100-H100)/365*5,0)*2 -> 10 | L100: 9.5 | M100: =K100-L100 -> 0.5 | O100: 4.5 | AG100: =O100+X100 -> 4.5 | AH100: =M100-AG100 -> -4 | AI100: =IF(AH100<0,AH100,0) -> -4 | AS100: 1 | BB100: 1 | BT100: 1 | CC100: 2 | CM100: 2 | DE100: 1 | DO100: 22.5 | DW100: =ROUND((TODAY()-I100)/365*5,2)*2 -> 10.1 | DX100: =-AI100+AJ100+AS100+BB100+BK100+BT100+CC100+CL100+CV100+DE100+DN100 -> 10 | DY100: =DW100-DX100 -> 0.1 | DZ100: =T100+U100+AC100+AD100+AO100+AP100+AX100+AY100++BG100+BH100+BP100+BQ100+BY100+BZ100+CH100+CI100+CQ100+CR100+DA100+DB100+DJ100+DK100+DS100+DT100 -> 0 | EA100: =S100+AB100+AN100+AW100+BF100+BO100+BX100+CG100+CP100+CZ100+DI100+DR100 -> 0 | EB100: =J100+U100-S100+AD100-AB100+AP100-AN100+AY100-AW100+BH100-BF100+BQ100-BO100+BZ100-BX100+CI100-CG100+CR100-CP100+DB100-CZ100+DK100-DI100+DT100-DR100-CU100 -> 0 | EC100: =T100+AC100+AO100+BG100+BP100+BY100+CH100+CQ100+DA100+DA100+DJ100+DS100 -> 0 | ED100: =P100+Y100+AK100+AT100+BC100+BL100+BU100+CD100+CM100+CW100+DF100+DO100 -> 24.5 | EE100: =Q100+Z100+AL100+AU100+BD100+BM100+BV100+CE100+CN100+CX100+DG100+DP100 -> 0 | EF100: =R100+AA100+AM100+AV100+BE100+BN100+BW100+CF100+CO100+CY100+DH100+DQ100 -> 0 | EG100: =V100+AE100+AQ100+AZ100+BI100+BR100+CA100+CJ100+CS100+DC100+DL100+DU100 -> 0
...

Sheet 2025年假调整人员
A1: 序号 | B1: 姓名 | C1: 区域 | D1: 部门 | E1: 组别 | F1: 岗位 | G1: 入职日期 | H1: 2025年假系统调整
A2: =ROW()-1 -> 1 | B2: 卢佳 | C2: 上海 | D2: 行政部 | E2: / | F2: 行政主管 | G2: 44144 | H2: 年假调整为10天
A3: =ROW()-1 -> 2 | B3: 孙玉凤 | C3: 上海 | D3: 人力资源部 | E3: / | F3: 人力资源总监 | G3: 43192 | H3: 年假调整为10天
A4: =ROW()-1 -> 3 | B4: 吴俊志 | C4: 上海 | D4: 产研一部 | E4: 教育一组 | F4: 产品部主管 | G4: 44350 | H4: 年假调整为10天
A5: =ROW()-1 -> 4 | B5: 蒲科辉 | C5: 上海 | D5: 产研一部 | E5: 0 | F5: 研发副总 | G5: 42005 | H5: 年假调整为10天
A6: =ROW()-1 -> 5 | B6: 董皊 | C6: 上海 | D6: 上海营销一部 | E6: 董皊组 | F6: 运营主管 | G6: 43619 | H6: 年假调整为10天
A7: =ROW()-1 -> 6 | B7: 蒋杰 | C7: 上海 | D7: 行政部 | E7: 0 | F7: 行政总监&营销总监 | G7: 42005 | H7: 年假调整为10天
A8: =ROW()-1 -> 7 | B8: 吴菲 | C8: 上海 | D8: 上海营销二部 | E8: 吴菲组 | F8: 运营主管 | G8: 43384 | H8: 年假调整为10天
A9: =ROW()-1 -> 8 | B9: 陈慧 | C9: 上海 | D9: 上海营销二部 | E9: 吴菲组 | F9: 运营专员 | G9: 43906 | H9: 年假调整为10天
A10: =ROW()-1 -> 9 | B10: 吴阳明 | C10: 厦门 | D10: 产研一部 | E10: PC组 | F10: 运营总监 | G10: 42005 | H10: 年假调整为10天
A11: =ROW()-1 -> 10 | B11: 林碧虹 | C11: 厦门 | D11: 厦门内容部 | E11: 林碧虹组 | F11: 内容主管 | G11: 43969 | H11: 年假调整为10天
A12: =ROW()-1 -> 11 | B12: 叶聪玲 | C12: 长泰 | D12: 厦门内容部 | E12: 叶聪玲组 | F12: 内容主管 | G12: 42355 | H12: 年假调整为10天
A13: =ROW()-1 -> 12 | B13: 蔡惠娜 | C13: 长泰 | D13: 厦门内容部 | E13: 叶聪玲组 | F13: 内容编辑 | G13: 42788 | H13: 年假调整为10天
A14: =ROW()-1 -> 13 | B14: 郑建珍 | C14: 长泰 | D14: 厦门内容部 | E14: 叶聪玲组 | F14: 内容编辑 | G14: 43474 | H14: 年假调整为10天
A15: =ROW()-1 -> 14 | B15: 汤章溢 | C15: 厦门 | D15: 厦门营销二部 | E15: 汤章溢组 | F15: 营销总监 | G15: 42416 | H15: 年假调整为10天
A16: =ROW()-1 -> 15 | B16: 许财杰 | C16: 厦门 | D16: 厦门营销二部 | E16: 许财杰组 | F16: 销售主管 | G16: 44060 | H16: 年假调整为10天
A17: =ROW()-1 -> 16 | B17: 李梦阳 | C17: 厦门 | D17: 厦门营销一部 | E17: 李梦阳组 | F17: 运营主管 | G17: 42943 | H17: 年假调整为10天
A18: =ROW()-1 -> 17 | B18: 王家盛 | C18: 厦门 | D18: 厦门营销一部 | E18: 李梦阳组 | F18: 运营专员 | G18: 43556 | H18: 年假调整为10天
A19: =ROW()-1 -> 18 | B19: 孙敏 | C19: 厦门 | D19: 厦门营销一部 | E19: 李梦阳组 | F19: 运营专员 | G19: 43619 | H19: 年假调整为10天
... A21: =ROW()-1 -> 20 | B21: 刘丽 | C21: 长沙 | D21: 长沙内容部 | E21: 刘丽组 | F21: 内容主管 | G21: 43992 | H21: 年假调整为10天
A22: =ROW()-1 -> 21 | B22: 丁辉 | C22: 长沙 | D22: 0 | E22: 0 | F22: 营销总监 | G22: 41640 | H22: 年假调整为10天
A23: =ROW()-1 -> 22 | B23: 乐敏 | C23: 上海 | D23: 业务一部 | E23: 美术事业部 | F23: 美术教研主管 | G23: 45125 | H23: 年假调整为10天
A24: =ROW()-1 -> 23 | B24: 裴芳芳 | C24: 厦门 | D24: 业务一部 | E24: 阅读事业部 | F24: 阅读教研主管 | G24: 45397 | H24: 年假调整为10天
A25: =ROW()-1 -> 24 | B25: 黄娜君 | C25: 厦门 | D25: 厦门营销一部 | E25: 刘益先组 | F25: 资深销售二级 | G25: 43627 | H25: 年假调整为10天
A26: =ROW()-1 -> 25 | B26: 刘鑫 | C26: 上海 | D26: 业务一部 | E26: 新媒体组 | F26: 新媒体主管 | G26: 44159 | H26: 年假调整为10天
A27: =ROW()-1 -> 26 | B27: 曹佳军 | C27: 上海 | D27: 业务一部 | E27: 业务运营组 | F27: 业务运营 | G27: 45145 | H27: 年假调整为10天
A28: =ROW()-1 -> 27 | B28: 李海侠 | C28: 上海 | D28: 产研一部 | E28: 教育三组 | F28: Android开发工程师 | G28: 44267 | H28: 年假调整为10天
A29: =ROW()-1 -> 28 | B29: 刘莹 | C29: 长沙 | D29: 长沙内容部 | E29: 刘莹组 | F29: 内容主管 | G29: 43922 | H29: 年假调整为10天
A30: =ROW()-1 -> 29 | B30: 彭朝磊 | C30: 上海 | D30: 上海营销二部 | E30: 刘伦星组 | F30: 销售专员 | G30: 45553 | H30: 年假调整为10天
A31: =ROW()-1 -> 30 | B31: 刘伦星 | C31: 上海 | D31: 上海营销二部 | E31: 刘伦星组 | F31: 销售主管(中级) | G31: 43920 | H31: 年假调整为10天
A32: =ROW()-1 -> 31 | B32: 黄娜 | C32: 上海 | D32: 上海营销三部 | E32: 李梦组 | F32: 运营专员 | G32: 45341 | H32: 年假调整为10天
A33: =ROW()-1 -> 32 | B33: 杜雅妮 | C33: 厦门 | D33: 厦门营销二部 | E33: 杜雅妮组 | F33: 运营主管 | G33: 43368 | H33: 年假调整为10天
A34: =ROW()-1 -> 33 | B34: 陈珊 | C34: 厦门 | D34: 厦门营销二部 | E34: 杜雅妮组 | F34: 运营专员 | G34: 43928 | H34: 年假调整为10天
... A40: =ROW()-1 -> 39 | B40: 胡军 | C40: 上海 | D40: 产研二部 | E40: 架构组 | F40: 研发主管 | G40: 44256 | H40: 年假调整为10天
A41: =ROW()-1 -> 40 | B41: 吴俊宇 | C41: 上海 | D41: 业务一部 | E41: 数学事业部 | F41: 数学事业部主管 | G41: 45719 | H41: 年假调整为10天 | I41: 增加4天
A42: =ROW()-1 -> 41 | B42: 屈翎野 | C42: 上海 | D42: 业务一部 | E42: 新媒体组 | F42: 新媒体专员 | G42: 43185 | H42: 年假调整为10天 | I42: 增加5天
A43: =ROW()-1 -> 42 | B43: 许欣瑜 | C43: 厦门 | D43: 人力资源部 | E43: / | F43: 人事行政 | G43: 45356 | H43: 年假调整为10天 | I43: 增加3天
A44: =ROW()-1 -> 43 | B44: 焦少平 | C44: 上海 | D44: 产研二部 | E44: 架构组 | F44: Java工程师 | G44: 45352 | H44: 年假调整为10天 | I44: 增加5天
A45: =ROW()-1 -> 44 | B45: 饶洁 | C45: 上海 | D45: 业务一部 | E45: 业务运营组 | F45: 业务主管 | G45: 43696 | H45: 年假调整为10天 | I45: 增加5天
A46: =ROW()-1 -> 45 | B46: 方志海 | C46: 厦门 | D46: 业务一部 | E46: 书法事业部 | F46: 书法高级教研 | G46: 45118 | H46: 年假调整为10天 | I46: 增加2.5天
A47: =ROW()-1 -> 46 | B47: 颜雅红 | C47: 厦门 | D47: 业务一部 | E47: 阅读事业部 | F47: 课程教研 | G47: 45488 | H47: 年假调整为10天 | I47: 增加4天
A48: =ROW()-1 -> 47 | B48: 刘丹凤 | C48: 成都 | D48: 成都营销中心 | E48: / | F48: 运营专员 | G48: 45866 | H48: 年假调整为10天 | I48: 增加2.5天
A49: =ROW()-1 -> 48 | B49: 时秋菊 | C49: 上海 | D49: 业务一部 | E49: 数学事业部 | F49: 数学教研 | G49: 45803 | H49: 年假调整为10天 | I49: 增加3天
A50: =ROW()-1 -> 49 | B50: 石桂芳 | C50: 厦门 | D50: 业务一部 | E50: 阅读事业部 | F50: 阅读资深教研 | G50: 45397 | H50: 年假调整为10天 | I50: 增加5天
A51: =ROW()-1 -> 50 | B51: 陈可欣 | C51: 厦门 | D51: 厦门营销二部 | E51: 杜雅妮组 | F51: 运营专员 | G51: 44040 | H51: 年假调整为10天 | I51: 增加2.5天
A52: =ROW()-1 -> 51 | B52: 胡惜文 | C52: 上海 | D52: 业务一部 | E52: / | F52: 教育业务部经理 | G52: 43647 | H52: 年假调整为10天 | I52: 增加2.5天
... A69: =ROW()-1 -> 68 | B69: 张杰 | C69: 上海 | D69: 产研三部 | E69: 家长通二组 | F69: 研发主管（PHP） | G69: 45964 | H69: 年假调整为10天 | I69: 增加1天
A70: =ROW()-1 -> 69 | B70: 陈宇 | C70: 长沙 | D70: 市场部 | E70: 长沙团队 | F70: 新媒体运营主管 | G70: 44113 | H70: 年假调整为10天 | I70: 增加5天 | J70: 2026/1月统一调整
A71: =ROW()-1 -> 70 | B71: 骆静 | C71: 上海 | D71: 产研三部 | E71: DIM | F71: 测试工程师 | G71: 45999 | H71: 年假调整为10天 | I71: 增加5天 | J71: 2026/1月统一调整
A72: =ROW()-1 -> 71 | B72: 上海王艳 | C72: 上海 | D72: 产研一部 | E72: / | F72: 测试总监 | G72: 44025 | H72: 年假调整为15天
A73: =ROW()-1 -> 72 | B73: 沈刚 | C73: 上海 | D73: 产研二部 | E73: 0 | F73: 研发副总 | G73: 42005 | H73: 年假调整为15天
A74: =ROW()-1 -> 73 | B74: 唐鹤鸿 | C74: 上海 | D74: 产研一部 | E74: PC组 | F74: 资深研发 | G74: 45313 | H74: 年假调整为15天
A75: =ROW()-1 -> 74 | B75: 潘惠心 | C75: 厦门 | D75: 业务一部 | E75: 书法事业部 | F75: 书法高级教研 | G75: 45113 | H75: 年假调整为15天
A76: =ROW()-1 -> 75 | B76: 陆其明 | C76: 上海 | D76: 产研三部 | E76: / | F76: 研发副总 | G76: 45839 | H76: 年假调整为15天 | I76: 增加7.5天

Sheet 核对
B1: 姓名 | C1: 11月
A2: 序号 | C2: 年假 | D2: 系统 | E2: 异常 | F2: 事假h | G2: 系统 | H2: 异常 | I2: 病假 | J2: 系统27 | K2: 异常 | L2: 调休 | M2: 调休系统 | N2: 异常 | O2: 加班 加班费 | P2: 系统36 | Q2: 异常 | R2: 加班 转调休 | S2: 系统39 | T2: 异常
A3: =ROW()-2 -> 1 | B3: 刘其坚 | D3: =VLOOKUP($B3,[10]月度汇总!$A:$AM,22,0) -> 0 | G3: =VLOOKUP($B3,[10]月度汇总!$A:$AM,23,0) -> 0 | H3: =F3-G3 -> 0 | J3: =VLOOKUP($B3,[10]月度汇总!$A:$AM,24,0) -> 0 | K3: =I3-J3 -> 0 | M3: =VLOOKUP($B3,[10]月度汇总!$A:$AM,25,0) -> 0 | N3: =L3-M3 -> 0 | P3: =VLOOKUP($B3,[10]月度汇总!$A:$AM,35,0) -> 0 | Q3: =O3-P3 -> 0 | S3: =VLOOKUP($B3,[10]月度汇总!$A:$AM,38,0) -> 0 | T3: =R3-S3 -> 0
A4: =ROW()-2 -> 2 | B4: 刘玉 | D4: =VLOOKUP(B4,[10]月度汇总!$A:$AM,22,0) -> 0.5 | E4: =C4-D4 -> -0.5 | G4: =VLOOKUP($B4,[10]月度汇总!$A:$AM,23,0) -> 0 | H4: =F4-G4 -> 0 | J4: =VLOOKUP($B4,[10]月度汇总!$A:$AM,24,0) -> 0 | K4: =I4-J4 -> 0 | M4: =VLOOKUP($B4,[10]月度汇总!$A:$AM,25,0) -> 0 | N4: =L4-M4 -> 0 | O4: 5 | P4: =VLOOKUP($B4,[10]月度汇总!$A:$AM,35,0) -> 0 | Q4: =O4-P4 -> 5 | R4: 6 | S4: =VLOOKUP($B4,[10]月度汇总!$A:$AM,38,0) -> 0 | T4: =R4-S4 -> 6
A5: =ROW()-2 -> 3 | B5: 胡生娜 | D5: =VLOOKUP(B5,[10]月度汇总!$A:$AM,22,0) -> 0 | E5: =C5-D5 -> 0 | G5: =VLOOKUP($B5,[10]月度汇总!$A:$AM,23,0) -> 0 | H5: =F5-G5 -> 0 | J5: =VLOOKUP($B5,[10]月度汇总!$A:$AM,24,0) -> 0 | K5: =I5-J5 -> 0 | L5: 2 | M5: =VLOOKUP($B5,[10]月度汇总!$A:$AM,25,0) -> 0 | N5: =L5-M5 -> 2 | P5: =VLOOKUP($B5,[10]月度汇总!$A:$AM,35,0) -> 0 | Q5: =O5-P5 -> 0 | S5: =VLOOKUP($B5,[10]月度汇总!$A:$AM,38,0) -> 0 | T5: =R5-S5 -> 0
A6: =ROW()-2 -> 4 | B6: 邓雅芳 | D6: =VLOOKUP(B6,[10]月度汇总!$A:$AM,22,0) -> 11.65 | E6: =C6-D6 -> -11.65 | F6: 21.5 | G6: =VLOOKUP($B6,[10]月度汇总!$A:$AM,23,0) -> 0 | H6: =F6-G6 -> 21.5 | J6: =VLOOKUP($B6,[10]月度汇总!$A:$AM,24,0) -> 21.5 | K6: =I6-J6 -> -21.5 | L6: 1 | M6: =VLOOKUP($B6,[10]月度汇总!$A:$AM,25,0) -> 0 | N6: =L6-M6 -> 1 | P6: =VLOOKUP($B6,[10]月度汇总!$A:$AM,35,0) -> 0 | Q6: =O6-P6 -> 0 | S6: =VLOOKUP($B6,[10]月度汇总!$A:$AM,38,0) -> 0 | T6: =R6-S6 -> 0
A7: =ROW()-2 -> 5 | B7: 周彤 | D7: =VLOOKUP(B7,[10]月度汇总!$A:$AM,22,0) -> 0 | E7: =C7-D7 -> 0 | G7: =VLOOKUP($B7,[10]月度汇总!$A:$AM,23,0) -> 0 | H7: =F7-G7 -> 0 | J7: =VLOOKUP($B7,[10]月度汇总!$A:$AM,24,0) -> 0 | K7: =I7-J7 -> 0 | L7: 2 | M7: =VLOOKUP($B7,[10]月度汇总!$A:$AM,25,0) -> 0 | N7: =L7-M7 -> 2 | P7: =VLOOKUP($B7,[10]月度汇总!$A:$AM,35,0) -> 0 | Q7: =O7-P7 -> 0 | S7: =VLOOKUP($B7,[10]月度汇总!$A:$AM,38,0) -> 0 | T7: =R7-S7 -> 0
A8: =ROW()-2 -> 6 | B8: 张晓伟 | D8: =VLOOKUP(B8,[10]月度汇总!$A:$AM,22,0) -> 0 | E8: =C8-D8 -> 0 | G8: =VLOOKUP($B8,[10]月度汇总!$A:$AM,23,0) -> 0 | H8: =F8-G8 -> 0 | J8: =VLOOKUP($B8,[10]月度汇总!$A:$AM,24,0) -> 0 | K8: =I8-J8 -> 0 | M8: =VLOOKUP($B8,[10]月度汇总!$A:$AM,25,0) -> 0 | N8: =L8-M8 -> 0 | P8: =VLOOKUP($B8,[10]月度汇总!$A:$AM,35,0) -> 0 | Q8: =O8-P8 -> 0 | S8: =VLOOKUP($B8,[10]月度汇总!$A:$AM,38,0) -> 0 | T8: =R8-S8 -> 0
A9: =ROW()-2 -> 7 | B9: 卢佳 | D9: =VLOOKUP(B9,[10]月度汇总!$A:$AM,22,0) -> 2.5 | E9: =C9-D9 -> -2.5 | F9: 2 | G9: =VLOOKUP($B9,[10]月度汇总!$A:$AM,23,0) -> 0 | H9: =F9-G9 -> 2 | J9: =VLOOKUP($B9,[10]月度汇总!$A:$AM,24,0) -> 2 | K9: =I9-J9 -> -2 | M9: =VLOOKUP($B9,[10]月度汇总!$A:$AM,25,0) -> 0 | N9: =L9-M9 -> 0 | P9: =VLOOKUP($B9,[10]月度汇总!$A:$AM,35,0) -> 0 | Q9: =O9-P9 -> 0 | S9: =VLOOKUP($B9,[10]月度汇总!$A:$AM,38,0) -> 0 | T9: =R9-S9 -> 0
A10: =ROW()-2 -> 8 | B10: 周子蛟 | D10: =VLOOKUP(B10,[10]月度汇总!$A:$AM,22,0) -> 37.82 | E10: =C10-D10 -> -37.82 | G10: =VLOOKUP($B10,[10]月度汇总!$A:$AM,23,0) -> 0 | H10: =F10-G10 -> 0 | I10: 2 | J10: =VLOOKUP($B10,[10]月度汇总!$A:$AM,24,0) -> 0 | K10: =I10-J10 -> 2 | L10: 10.5 | M10: =VLOOKUP($B10,[10]月度汇总!$A:$AM,25,0) -> 2 | N10: =L10-M10 -> 8.5 | P10: =VLOOKUP($B10,[10]月度汇总!$A:$AM,35,0) -> 0 | Q10: =O10-P10 -> 0 | R10: 6 | S10: =VLOOKUP($B10,[10]月度汇总!$A:$AM,38,0) -> 0 | T10: =R10-S10 -> 6
A11: =ROW()-2 -> 9 | B11: 胡惜文 | C11: 1 | D11: =VLOOKUP(B11,[10]月度汇总!$A:$AM,22,0) -> 21.5 | E11: =C11-D11 -> -20.5 | G11: =VLOOKUP($B11,[10]月度汇总!$A:$AM,23,0) -> 1 | H11: =F11-G11 -> -1 | J11: =VLOOKUP($B11,[10]月度汇总!$A:$AM,24,0) -> 0 | K11: =I11-J11 -> 0 | M11: =VLOOKUP($B11,[10]月度汇总!$A:$AM,25,0) -> 0 | N11: =L11-M11 -> 0 | P11: =VLOOKUP($B11,[10]月度汇总!$A:$AM,35,0) -> 0 | Q11: =O11-P11 -> 0 | R11: 2 | S11: =VLOOKUP($B11,[10]月度汇总!$A:$AM,38,0) -> 0 | T11: =R11-S11 -> 2
A12: =ROW()-2 -> 10 | B12: 何尚杰 | D12: =VLOOKUP(B12,[10]月度汇总!$A:$AM,22,0) -> 25.75 | E12: =C12-D12 -> -25.75 | G12: =VLOOKUP($B12,[10]月度汇总!$A:$AM,23,0) -> 0 | H12: =F12-G12 -> 0 | J12: =VLOOKUP($B12,[10]月度汇总!$A:$AM,24,0) -> 0 | K12: =I12-J12 -> 0 | L12: 12 | M12: =VLOOKUP($B12,[10]月度汇总!$A:$AM,25,0) -> 0 | N12: =L12-M12 -> 12 | P12: =VLOOKUP($B12,[10]月度汇总!$A:$AM,35,0) -> 0 | Q12: =O12-P12 -> 0 | R12: 8 | S12: =VLOOKUP($B12,[10]月度汇总!$A:$AM,38,0) -> 0 | T12: =R12-S12 -> 8
A13: =ROW()-2 -> 11 | B13: 饶洁 | D13: =VLOOKUP(B13,[10]月度汇总!$A:$AM,22,0) -> 24 | E13: =C13-D13 -> -24 | G13: =VLOOKUP($B13,[10]月度汇总!$A:$AM,23,0) -> 0 | H13: =F13-G13 -> 0 | J13: =VLOOKUP($B13,[10]月度汇总!$A:$AM,24,0) -> 0 | K13: =I13-J13 -> 0 | M13: =VLOOKUP($B13,[10]月度汇总!$A:$AM,25,0) -> 0 | N13: =L13-M13 -> 0 | P13: =VLOOKUP($B13,[10]月度汇总!$A:$AM,35,0) -> 0 | Q13: =O13-P13 -> 0 | S13: =VLOOKUP($B13,[10]月度汇总!$A:$AM,38,0) -> 0 | T13: =R13-S13 -> 0
A14: =ROW()-2 -> 12 | B14: 黄佳慧 | D14: =VLOOKUP(B14,[10]月度汇总!$A:$AM,22,0) -> 21.5 | E14: =C14-D14 -> -21.5 | F14: 2.5 | G14: =VLOOKUP($B14,[10]月度汇总!$A:$AM,23,0) -> 0 | H14: =F14-G14 -> 2.5 | J14: =VLOOKUP($B14,[10]月度汇总!$A:$AM,24,0) -> 2.5 | K14: =I14-J14 -> -2.5 | M14: =VLOOKUP($B14,[10]月度汇总!$A:$AM,25,0) -> 0 | N14: =L14-M14 -> 0 | P14: =VLOOKUP($B14,[10]月度汇总!$A:$AM,35,0) -> 0 | Q14: =O14-P14 -> 0 | S14: =VLOOKUP($B14,[10]月度汇总!$A:$AM,38,0) -> 0 | T14: =R14-S14 -> 0
A15: =ROW()-2 -> 13 | B15: 刘鑫 | D15: =VLOOKUP(B15,[10]月度汇总!$A:$AM,22,0) -> 15.88 | E15: =C15-D15 -> -15.88 | G15: =VLOOKUP($B15,[10]月度汇总!$A:$AM,23,0) -> 0 | H15: =F15-G15 -> 0 | J15: =VLOOKUP($B15,[10]月度汇总!$A:$AM,24,0) -> 0 | K15: =I15-J15 -> 0 | M15: =VLOOKUP($B15,[10]月度汇总!$A:$AM,25,0) -> 0 | N15: =L15-M15 -> 0 | P15: =VLOOKUP($B15,[10]月度汇总!$A:$AM,35,0) -> 0 | Q15: =O15-P15 -> 0 | S15: =VLOOKUP($B15,[10]月度汇总!$A:$AM,38,0) -> 0 | T15: =R15-S15 -> 0
A16: =ROW()-2 -> 14 | B16: 屈翎野 | D16: =VLOOKUP(B16,[10]月度汇总!$A:$AM,22,0) -> 0 | E16: =C16-D16 -> 0 | G16: =VLOOKUP($B16,[10]月度汇总!$A:$AM,23,0) -> 0 | H16: =F16-G16 -> 0 | J16: =VLOOKUP($B16,[10]月度汇总!$A:$AM,24,0) -> 0 | K16: =I16-J16 -> 0 | L16: 2 | M16: =VLOOKUP($B16,[10]月度汇总!$A:$AM,25,0) -> 0 | N16: =L16-M16 -> 2 | P16: =VLOOKUP($B16,[10]月度汇总!$A:$AM,35,0) -> 0 | Q16: =O16-P16 -> 0 | S16: =VLOOKUP($B16,[10]月度汇总!$A:$AM,38,0) -> 0 | T16: =R16-S16 -> 0
A17: =ROW()-2 -> 15 | B17: 陆常斌 | D17: =VLOOKUP(B17,[10]月度汇总!$A:$AM,22,0) -> 18.5 | E17: =C17-D17 -> -18.5 | G17: =VLOOKUP($B17,[10]月度汇总!$A:$AM,23,0) -> 0 | H17: =F17-G17 -> 0 | J17: =VLOOKUP($B17,[10]月度汇总!$A:$AM,24,0) -> 0 | K17: =I17-J17 -> 0 | M17: =VLOOKUP($B17,[10]月度汇总!$A:$AM,25,0) -> 0 | N17: =L17-M17 -> 0 | P17: =VLOOKUP($B17,[10]月度汇总!$A:$AM,35,0) -> 0 | Q17: =O17-P17 -> 0 | R17: 4 | S17: =VLOOKUP($B17,[10]月度汇总!$A:$AM,38,0) -> 0 | T17: =R17-S17 -> 4
A18: =ROW()-2 -> 16 | B18: 孙玉凤 | C18: 1 | D18: =VLOOKUP(B18,[10]月度汇总!$A:$AM,22,0) -> 0.83 | E18: =C18-D18 -> 0.17 | G18: =VLOOKUP($B18,[10]月度汇总!$A:$AM,23,0) -> 1 | H18: =F18-G18 -> -1 | J18: =VLOOKUP($B18,[10]月度汇总!$A:$AM,24,0) -> 0 | K18: =I18-J18 -> 0 | M18: =VLOOKUP($B18,[10]月度汇总!$A:$AM,25,0) -> 0 | N18: =L18-M18 -> 0 | P18: =VLOOKUP($B18,[10]月度汇总!$A:$AM,35,0) -> 0 | Q18: =O18-P18 -> 0 | R18: 8 | S18: =VLOOKUP($B18,[10]月度汇总!$A:$AM,38,0) -> 0 | T18: =R18-S18 -> 8
A19: =ROW()-2 -> 17 | B19: 纪志豪 | D19: =VLOOKUP(B19,[10]月度汇总!$A:$AM,22,0) -> 0 | E19: =C19-D19 -> 0 | G19: =VLOOKUP($B19,[10]月度汇总!$A:$AM,23,0) -> 0 | H19: =F19-G19 -> 0 | J19: =VLOOKUP($B19,[10]月度汇总!$A:$AM,24,0) -> 0 | K19: =I19-J19 -> 0 | L19: 4 | M19: =VLOOKUP($B19,[10]月度汇总!$A:$AM,25,0) -> 0 | N19: =L19-M19 -> 4 | P19: =VLOOKUP($B19,[10]月度汇总!$A:$AM,35,0) -> 0 | Q19: =O19-P19 -> 0 | R19: 9.5 | S19: =VLOOKUP($B19,[10]月度汇总!$A:$AM,38,0) -> 0 | T19: =R19-S19 -> 9.5
A20: =ROW()-2 -> 18 | B20: 熊溜溜 | C20: 2 | D20: =VLOOKUP(B20,[10]月度汇总!$A:$AM,22,0) -> 0 | E20: =C20-D20 -> 2 | G20: =VLOOKUP($B20,[10]月度汇总!$A:$AM,23,0) -> 2 | H20: =F20-G20 -> -2 | J20: =VLOOKUP($B20,[10]月度汇总!$A:$AM,24,0) -> 0 | K20: =I20-J20 -> 0 | M20: =VLOOKUP($B20,[10]月度汇总!$A:$AM,25,0) -> 0 | N20: =L20-M20 -> 0 | P20: =VLOOKUP($B20,[10]月度汇总!$A:$AM,35,0) -> 0 | Q20: =O20-P20 -> 0 | R20: 19 | S20: =VLOOKUP($B20,[10]月度汇总!$A:$AM,38,0) -> 0 | T20: =R20-S20 -> 19
A21: =ROW()-2 -> 19 | B21: 郭昱伶 | D21: =VLOOKUP(B21,[10]月度汇总!$A:$AM,22,0) -> 0 | E21: =C21-D21 -> 0 | G21: =VLOOKUP($B21,[10]月度汇总!$A:$AM,23,0) -> 0 | H21: =F21-G21 -> 0 | J21: =VLOOKUP($B21,[10]月度汇总!$A:$AM,24,0) -> 0 | K21: =I21-J21 -> 0 | L21: 1.5 | M21: =VLOOKUP($B21,[10]月度汇总!$A:$AM,25,0) -> 0 | N21: =L21-M21 -> 1.5 | P21: =VLOOKUP($B21,[10]月度汇总!$A:$AM,35,0) -> 0 | Q21: =O21-P21 -> 0 | S21: =VLOOKUP($B21,[10]月度汇总!$A:$AM,38,0) -> 0 | T21: =R21-S21 -> 0
A22: =ROW()-2 -> 20 | B22: 李丽萍 | D22: =VLOOKUP(B22,[10]月度汇总!$A:$AM,22,0) -> 0 | E22: =C22-D22 -> 0 | G22: =VLOOKUP($B22,[10]月度汇总!$A:$AM,23,0) -> 0 | H22: =F22-G22 -> 0 | J22: =VLOOKUP($B22,[10]月度汇总!$A:$AM,24,0) -> 0 | K22: =I22-J22 -> 0 | M22: =VLOOKUP($B22,[10]月度汇总!$A:$AM,25,0) -> 0 | N22: =L22-M22 -> 0 | P22: =VLOOKUP($B22,[10]月度汇总!$A:$AM,35,0) -> 0 | Q22: =O22-P22 -> 0 | S22: =VLOOKUP($B22,[10]月度汇总!$A:$AM,38,0) -> 0 | T22: =R22-S22 -> 0
A23: =ROW()-2 -> 21 | B23: 郭洁 | D23: =VLOOKUP(B23,[10]月度汇总!$A:$AM,22,0) -> 0 | E23: =C23-D23 -> 0 | G23: =VLOOKUP($B23,[10]月度汇总!$A:$AM,23,0) -> 0 | H23: =F23-G23 -> 0 | J23: =VLOOKUP($B23,[10]月度汇总!$A:$AM,24,0) -> 0 | K23: =I23-J23 -> 0 | M23: =VLOOKUP($B23,[10]月度汇总!$A:$AM,25,0) -> 0 | N23: =L23-M23 -> 0 | P23: =VLOOKUP($B23,[10]月度汇总!$A:$AM,35,0) -> 0 | Q23: =O23-P23 -> 0 | R23: 4 | S23: =VLOOKUP($B23,[10]月度汇总!$A:$AM,38,0) -> 0 | T23: =R23-S23 -> 4
A24: =ROW()-2 -> 22 | B24: 毛意伟 | D24: =VLOOKUP(B24,[10]月度汇总!$A:$AM,22,0) -> 0 | E24: =C24-D24 -> 0 | G24: =VLOOKUP($B24,[10]月度汇总!$A:$AM,23,0) -> 0 | H24: =F24-G24 -> 0 | J24: =VLOOKUP($B24,[10]月度汇总!$A:$AM,24,0) -> 0 | K24: =I24-J24 -> 0 | L24: 1 | M24: =VLOOKUP($B24,[10]月度汇总!$A:$AM,25,0) -> 0 | N24: =L24-M24 -> 1 | P24: =VLOOKUP($B24,[10]月度汇总!$A:$AM,35,0) -> 0 | Q24: =O24-P24 -> 0 | R24: 8 | S24: =VLOOKUP($B24,[10]月度汇总!$A:$AM,38,0) -> 0 | T24: =R24-S24 -> 8
A25: =ROW()-2 -> 23 | B25: 彭鲲 | D25: =VLOOKUP(B25,[10]月度汇总!$A:$AM,22,0) -> 0 | E25: =C25-D25 -> 0 | G25: =VLOOKUP($B25,[10]月度汇总!$A:$AM,23,0) -> 0 | H25: =F25-G25 -> 0 | J25: =VLOOKUP($B25,[10]月度汇总!$A:$AM,24,0) -> 0 | K25: =I25-J25 -> 0 | M25: =VLOOKUP($B25,[10]月度汇总!$A:$AM,25,0) -> 0 | N25: =L25-M25 -> 0 | O25: 15.5 | P25: =VLOOKUP($B25,[10]月度汇总!$A:$AM,35,0) -> 0 | Q25: =O25-P25 -> 15.5 | S25: =VLOOKUP($B25,[10]月度汇总!$A:$AM,38,0) -> 0 | T25: =R25-S25 -> 0
A26: =ROW()-2 -> 24 | B26: 王冉冉 | D26: =VLOOKUP(B26,[10]月度汇总!$A:$AM,22,0) -> 0 | E26: =C26-D26 -> 0 | G26: =VLOOKUP($B26,[10]月度汇总!$A:$AM,23,0) -> 0 | H26: =F26-G26 -> 0 | J26: =VLOOKUP($B26,[10]月度汇总!$A:$AM,24,0) -> 0 | K26: =I26-J26 -> 0 | M26: =VLOOKUP($B26,[10]月度汇总!$A:$AM,25,0) -> 0 | N26: =L26-M26 -> 0 | P26: =VLOOKUP($B26,[10]月度汇总!$A:$AM,35,0) -> 0 | Q26: =O26-P26 -> 0 | R26: 14 | S26: =VLOOKUP($B26,[10]月度汇总!$A:$AM,38,0) -> 0 | T26: =R26-S26 -> 14
A27: =ROW()-2 -> 25 | B27: 张金凯 | D27: =VLOOKUP(B27,[10]月度汇总!$A:$AM,22,0) -> 0 | E27: =C27-D27 -> 0 | G27: =VLOOKUP($B27,[10]月度汇总!$A:$AM,23,0) -> 0 | H27: =F27-G27 -> 0 | J27: =VLOOKUP($B27,[10]月度汇总!$A:$AM,24,0) -> 0 | K27: =I27-J27 -> 0 | M27: =VLOOKUP($B27,[10]月度汇总!$A:$AM,25,0) -> 0 | N27: =L27-M27 -> 0 | P27: =VLOOKUP($B27,[10]月度汇总!$A:$AM,35,0) -> 0 | Q27: =O27-P27 -> 0 | R27: 8 | S27: =VLOOKUP($B27,[10]月度汇总!$A:$AM,38,0) -> 0 | T27: =R27-S27 -> 8
A28: =ROW()-2 -> 26 | B28: 王晓倩 | D28: =VLOOKUP(B28,[10]月度汇总!$A:$AM,22,0) -> 0 | E28: =C28-D28 -> 0 | G28: =VLOOKUP($B28,[10]月度汇总!$A:$AM,23,0) -> 0 | H28: =F28-G28 -> 0 | J28: =VLOOKUP($B28,[10]月度汇总!$A:$AM,24,0) -> 0 | K28: =I28-J28 -> 0 | M28: =VLOOKUP($B28,[10]月度汇总!$A:$AM,25,0) -> 0 | N28: =L28-M28 -> 0 | P28: =VLOOKUP($B28,[10]月度汇总!$A:$AM,35,0) -> 0 | Q28: =O28-P28 -> 0 | R28: 5 | S28: =VLOOKUP($B28,[10]月度汇总!$A:$AM,38,0) -> 0 | T28: =R28-S28 -> 5
A29: =ROW()-2 -> 27 | B29: 李浩然 | D29: =VLOOKUP(B29,[10]月度汇总!$A:$AM,22,0) -> 0 | E29: =C29-D29 -> 0 | G29: =VLOOKUP($B29,[10]月度汇总!$A:$AM,23,0) -> 0 | H29: =F29-G29 -> 0 | J29: =VLOOKUP($B29,[10]月度汇总!$A:$AM,24,0) -> 0 | K29: =I29-J29 -> 0 | L29: 3 | M29: =VLOOKUP($B29,[10]月度汇总!$A:$AM,25,0) -> 0 | N29: =L29-M29 -> 3 | P29: =VLOOKUP($B29,[10]月度汇总!$A:$AM,35,0) -> 0 | Q29: =O29-P29 -> 0 | S29: =VLOOKUP($B29,[10]月度汇总!$A:$AM,38,0) -> 0 | T29: =R29-S29 -> 0
A30: =ROW()-2 -> 28 | B30: 孙唯嘉 | D30: =VLOOKUP(B30,[10]月度汇总!$A:$AM,22,0) -> 0 | E30: =C30-D30 -> 0 | G30: =VLOOKUP($B30,[10]月度汇总!$A:$AM,23,0) -> 0 | H30: =F30-G30 -> 0 | J30: =VLOOKUP($B30,[10]月度汇总!$A:$AM,24,0) -> 0 | K30: =I30-J30 -> 0 | L30: 8 | M30: =VLOOKUP($B30,[10]月度汇总!$A:$AM,25,0) -> 0 | N30: =L30-M30 -> 8 | P30: =VLOOKUP($B30,[10]月度汇总!$A:$AM,35,0) -> 0 | Q30: =O30-P30 -> 0 | R30: 17.5 | S30: =VLOOKUP($B30,[10]月度汇总!$A:$AM,38,0) -> 0 | T30: =R30-S30 -> 17.5
A31: =ROW()-2 -> 29 | B31: 赵德正 | D31: =VLOOKUP(B31,[10]月度汇总!$A:$AM,22,0) -> 0 | E31: =C31-D31 -> 0 | G31: =VLOOKUP($B31,[10]月度汇总!$A:$AM,23,0) -> 0 | H31: =F31-G31 -> 0 | J31: =VLOOKUP($B31,[10]月度汇总!$A:$AM,24,0) -> 0 | K31: =I31-J31 -> 0 | L31: 8 | M31: =VLOOKUP($B31,[10]月度汇总!$A:$AM,25,0) -> 0 | N31: =L31-M31 -> 8 | P31: =VLOOKUP($B31,[10]月度汇总!$A:$AM,35,0) -> 0 | Q31: =O31-P31 -> 0 | R31: 8 | S31: =VLOOKUP($B31,[10]月度汇总!$A:$AM,38,0) -> 0 | T31: =R31-S31 -> 8
A32: =ROW()-2 -> 30 | B32: 王澜滔 | D32: =VLOOKUP(B32,[10]月度汇总!$A:$AM,22,0) -> 0 | E32: =C32-D32 -> 0 | G32: =VLOOKUP($B32,[10]月度汇总!$A:$AM,23,0) -> 0 | H32: =F32-G32 -> 0 | J32: =VLOOKUP($B32,[10]月度汇总!$A:$AM,24,0) -> 0 | K32: =I32-J32 -> 0 | M32: =VLOOKUP($B32,[10]月度汇总!$A:$AM,25,0) -> 0 | N32: =L32-M32 -> 0 | P32: =VLOOKUP($B32,[10]月度汇总!$A:$AM,35,0) -> 0 | Q32: =O32-P32 -> 0 | S32: =VLOOKUP($B32,[10]月度汇总!$A:$AM,38,0) -> 0 | T32: =R32-S32 -> 0
A33: =ROW()-2 -> 31 | B33: 王依 | D33: =VLOOKUP(B33,[10]月度汇总!$A:$AM,22,0) -> 0 | E33: =C33-D33 -> 0 | G33: =VLOOKUP($B33,[10]月度汇总!$A:$AM,23,0) -> 0 | H33: =F33-G33 -> 0 | J33: =VLOOKUP($B33,[10]月度汇总!$A:$AM,24,0) -> 0 | K33: =I33-J33 -> 0 | M33: =VLOOKUP($B33,[10]月度汇总!$A:$AM,25,0) -> 0 | N33: =L33-M33 -> 0 | P33: =VLOOKUP($B33,[10]月度汇总!$A:$AM,35,0) -> 0 | Q33: =O33-P33 -> 0 | S33: =VLOOKUP($B33,[10]月度汇总!$A:$AM,38,0) -> 0 | T33: =R33-S33 -> 0
A34: =ROW()-2 -> 32 | B34: 郝惠军 | D34: =VLOOKUP(B34,[10]月度汇总!$A:$AM,22,0) -> 0 | E34: =C34-D34 -> 0 | G34: =VLOOKUP($B34,[10]月度汇总!$A:$AM,23,0) -> 0 | H34: =F34-G34 -> 0 | J34: =VLOOKUP($B34,[10]月度汇总!$A:$AM,24,0) -> 0 | K34: =I34-J34 -> 0 | M34: =VLOOKUP($B34,[10]月度汇总!$A:$AM,25,0) -> 0 | N34: =L34-M34 -> 0 | O34: 8 | P34: =VLOOKUP($B34,[10]月度汇总!$A:$AM,35,0) -> 0 | Q34: =O34-P34 -> 8 | R34: 3.5 | S34: =VLOOKUP($B34,[10]月度汇总!$A:$AM,38,0) -> 0 | T34: =R34-S34 -> 3.5
A35: =ROW()-2 -> 33 | B35: 张潭辉 | D35: =VLOOKUP(B35,[10]月度汇总!$A:$AM,22,0) -> 0 | E35: =C35-D35 -> 0 | F35: 24 | G35: =VLOOKUP($B35,[10]月度汇总!$A:$AM,23,0) -> 0 | H35: =F35-G35 -> 24 | J35: =VLOOKUP($B35,[10]月度汇总!$A:$AM,24,0) -> 24 | K35: =I35-J35 -> -24 | M35: =VLOOKUP($B35,[10]月度汇总!$A:$AM,25,0) -> 0 | N35: =L35-M35 -> 0 | P35: =VLOOKUP($B35,[10]月度汇总!$A:$AM,35,0) -> 0 | Q35: =O35-P35 -> 0 | S35: =VLOOKUP($B35,[10]月度汇总!$A:$AM,38,0) -> 0 | T35: =R35-S35 -> 0
A36: =ROW()-2 -> 34 | B36: 测试王艳 | C36: 2 | D36: =VLOOKUP(B36,[10]月度汇总!$A:$AM,22,0) -> 0 | E36: =C36-D36 -> 2 | G36: =VLOOKUP($B36,[10]月度汇总!$A:$AM,23,0) -> 2 | H36: =F36-G36 -> -2 | J36: =VLOOKUP($B36,[10]月度汇总!$A:$AM,24,0) -> 0 | K36: =I36-J36 -> 0 | M36: =VLOOKUP($B36,[10]月度汇总!$A:$AM,25,0) -> 0 | N36: =L36-M36 -> 0 | P36: =VLOOKUP($B36,[10]月度汇总!$A:$AM,35,0) -> 0 | Q36: =O36-P36 -> 0 | S36: =VLOOKUP($B36,[10]月度汇总!$A:$AM,38,0) -> 0 | T36: =R36-S36 -> 0
A37: =ROW()-2 -> 35 | B37: 王付佳 | D37: =VLOOKUP(B37,[10]月度汇总!$A:$AM,22,0) -> 0 | E37: =C37-D37 -> 0 | G37: =VLOOKUP($B37,[10]月度汇总!$A:$AM,23,0) -> 0 | H37: =F37-G37 -> 0 | J37: =VLOOKUP($B37,[10]月度汇总!$A:$AM,24,0) -> 0 | K37: =I37-J37 -> 0 | M37: =VLOOKUP($B37,[10]月度汇总!$A:$AM,25,0) -> 0 | N37: =L37-M37 -> 0 | O37: 11 | P37: =VLOOKUP($B37,[10]月度汇总!$A:$AM,35,0) -> 0 | Q37: =O37-P37 -> 11 | S37: =VLOOKUP($B37,[10]月度汇总!$A:$AM,38,0) -> 0 | T37: =R37-S37 -> 0
A38: =ROW()-2 -> 36 | B38: 赵亚楠 | C38: 1.5 | D38: =VLOOKUP(B38,[10]月度汇总!$A:$AM,22,0) -> 0 | E38: =C38-D38 -> 1.5 | G38: =VLOOKUP($B38,[10]月度汇总!$A:$AM,23,0) -> 1.5 | H38: =F38-G38 -> -1.5 | J38: =VLOOKUP($B38,[10]月度汇总!$A:$AM,24,0) -> 0 | K38: =I38-J38 -> 0 | L38: 2 | M38: =VLOOKUP($B38,[10]月度汇总!$A:$AM,25,0) -> 0 | N38: =L38-M38 -> 2 | P38: =VLOOKUP($B38,[10]月度汇总!$A:$AM,35,0) -> 0 | Q38: =O38-P38 -> 0 | R38: 23 | S38: =VLOOKUP($B38,[10]月度汇总!$A:$AM,38,0) -> 0 | T38: =R38-S38 -> 23
A39: =ROW()-2 -> 37 | B39: 李贵洲 | D39: =VLOOKUP(B39,[10]月度汇总!$A:$AM,22,0) -> 0 | E39: =C39-D39 -> 0 | G39: =VLOOKUP($B39,[10]月度汇总!$A:$AM,23,0) -> 0 | H39: =F39-G39 -> 0 | J39: =VLOOKUP($B39,[10]月度汇总!$A:$AM,24,0) -> 0 | K39: =I39-J39 -> 0 | M39: =VLOOKUP($B39,[10]月度汇总!$A:$AM,25,0) -> 0 | N39: =L39-M39 -> 0 | O39: 15 | P39: =VLOOKUP($B39,[10]月度汇总!$A:$AM,35,0) -> 0 | Q39: =O39-P39 -> 15 | S39: =VLOOKUP($B39,[10]月度汇总!$A:$AM,38,0) -> 0 | T39: =R39-S39 -> 0
A40: =ROW()-2 -> 38 | B40: 宛超 | D40: =VLOOKUP(B40,[10]月度汇总!$A:$AM,22,0) -> 0 | E40: =C40-D40 -> 0 | G40: =VLOOKUP($B40,[10]月度汇总!$A:$AM,23,0) -> 0 | H40: =F40-G40 -> 0 | J40: =VLOOKUP($B40,[10]月度汇总!$A:$AM,24,0) -> 0 | K40: =I40-J40 -> 0 | L40: 4 | M40: =VLOOKUP($B40,[10]月度汇总!$A:$AM,25,0) -> 0 | N40: =L40-M40 -> 4 | O40: 16 | P40: =VLOOKUP($B40,[10]月度汇总!$A:$AM,35,0) -> 0 | Q40: =O40-P40 -> 16 | S40: =VLOOKUP($B40,[10]月度汇总!$A:$AM,38,0) -> 0 | T40: =R40-S40 -> 0
A41: =ROW()-2 -> 39 | B41: 王沨 | D41: =VLOOKUP(B41,[10]月度汇总!$A:$AM,22,0) -> 0 | E41: =C41-D41 -> 0 | G41: =VLOOKUP($B41,[10]月度汇总!$A:$AM,23,0) -> 0 | H41: =F41-G41 -> 0 | J41: =VLOOKUP($B41,[10]月度汇总!$A:$AM,24,0) -> 0 | K41: =I41-J41 -> 0 | M41: =VLOOKUP($B41,[10]月度汇总!$A:$AM,25,0) -> 0 | N41: =L41-M41 -> 0 | P41: =VLOOKUP($B41,[10]月度汇总!$A:$AM,35,0) -> 0 | Q41: =O41-P41 -> 0 | S41: =VLOOKUP($B41,[10]月度汇总!$A:$AM,38,0) -> 0 | T41: =R41-S41 -> 0
A42: =ROW()-2 -> 40 | B42: 罗细娟 | D42: =VLOOKUP(B42,[10]月度汇总!$A:$AM,22,0) -> 0 | E42: =C42-D42 -> 0 | G42: =VLOOKUP($B42,[10]月度汇总!$A:$AM,23,0) -> 0 | H42: =F42-G42 -> 0 | J42: =VLOOKUP($B42,[10]月度汇总!$A:$AM,24,0) -> 0 | K42: =I42-J42 -> 0 | L42: 20.5 | M42: =VLOOKUP($B42,[10]月度汇总!$A:$AM,25,0) -> 0 | N42: =L42-M42 -> 20.5 | P42: =VLOOKUP($B42,[10]月度汇总!$A:$AM,35,0) -> 0 | Q42: =O42-P42 -> 0 | R42: 16 | S42: =VLOOKUP($B42,[10]月度汇总!$A:$AM,38,0) -> 0 | T42: =R42-S42 -> 16
A43: =ROW()-2 -> 41 | B43: 徐姣姣 | D43: =VLOOKUP(B43,[10]月度汇总!$A:$AM,22,0) -> 0 | E43: =C43-D43 -> 0 | G43: =VLOOKUP($B43,[10]月度汇总!$A:$AM,23,0) -> 0 | H43: =F43-G43 -> 0 | J43: =VLOOKUP($B43,[10]月度汇总!$A:$AM,24,0) -> 0 | K43: =I43-J43 -> 0 | L43: 0.5 | M43: =VLOOKUP($B43,[10]月度汇总!$A:$AM,25,0) -> 0 | N43: =L43-M43 -> 0.5 | O43: 12 | P43: =VLOOKUP($B43,[10]月度汇总!$A:$AM,35,0) -> 0 | Q43: =O43-P43 -> 12 | S43: =VLOOKUP($B43,[10]月度汇总!$A:$AM,38,0) -> 0 | T43: =R43-S43 -> 0
A44: =ROW()-2 -> 42 | B44: 李雅珠 | D44: =VLOOKUP(B44,[10]月度汇总!$A:$AM,22,0) -> 0 | E44: =C44-D44 -> 0 | G44: =VLOOKUP($B44,[10]月度汇总!$A:$AM,23,0) -> 0 | H44: =F44-G44 -> 0 | I44: 0.5 | J44: =VLOOKUP($B44,[10]月度汇总!$A:$AM,24,0) -> 8 | K44: =I44-J44 -> -7.5 | M44: =VLOOKUP($B44,[10]月度汇总!$A:$AM,25,0) -> 0.5 | N44: =L44-M44 -> -0.5 | P44: =VLOOKUP($B44,[10]月度汇总!$A:$AM,35,0) -> 0 | Q44: =O44-P44 -> 0 | S44: =VLOOKUP($B44,[10]月度汇总!$A:$AM,38,0) -> 0 | T44: =R44-S44 -> 0
A45: =ROW()-2 -> 43 | B45: 臧兆鋆 | D45: =VLOOKUP(B45,[10]月度汇总!$A:$AM,22,0) -> 0 | E45: =C45-D45 -> 0 | G45: =VLOOKUP($B45,[10]月度汇总!$A:$AM,23,0) -> 0 | H45: =F45-G45 -> 0 | J45: =VLOOKUP($B45,[10]月度汇总!$A:$AM,24,0) -> 0 | K45: =I45-J45 -> 0 | L45: 9.5 | M45: =VLOOKUP($B45,[10]月度汇总!$A:$AM,25,0) -> 0 | N45: =L45-M45 -> 9.5 | P45: =VLOOKUP($B45,[10]月度汇总!$A:$AM,35,0) -> 0 | Q45: =O45-P45 -> 0 | R45: 5 | S45: =VLOOKUP($B45,[10]月度汇总!$A:$AM,38,0) -> 0 | T45: =R45-S45 -> 5
A46: =ROW()-2 -> 44 | B46: 李帅华 | D46: =VLOOKUP(B46,[10]月度汇总!$A:$AM,22,0) -> 0 | E46: =C46-D46 -> 0 | G46: =VLOOKUP($B46,[10]月度汇总!$A:$AM,23,0) -> 0 | H46: =F46-G46 -> 0 | J46: =VLOOKUP($B46,[10]月度汇总!$A:$AM,24,0) -> 0 | K46: =I46-J46 -> 0 | M46: =VLOOKUP($B46,[10]月度汇总!$A:$AM,25,0) -> 0 | N46: =L46-M46 -> 0 | P46: =VLOOKUP($B46,[10]月度汇总!$A:$AM,35,0) -> 0 | Q46: =O46-P46 -> 0 | S46: =VLOOKUP($B46,[10]月度汇总!$A:$AM,38,0) -> 0 | T46: =R46-S46 -> 0
A47: =ROW()-2 -> 45 | B47: 胡翔翔 | D47: =VLOOKUP(B47,[10]月度汇总!$A:$AM,22,0) -> 0 | E47: =C47-D47 -> 0 | G47: =VLOOKUP($B47,[10]月度汇总!$A:$AM,23,0) -> 0 | H47: =F47-G47 -> 0 | J47: =VLOOKUP($B47,[10]月度汇总!$A:$AM,24,0) -> 0 | K47: =I47-J47 -> 0 | M47: =VLOOKUP($B47,[10]月度汇总!$A:$AM,25,0) -> 0 | N47: =L47-M47 -> 0 | P47: =VLOOKUP($B47,[10]月度汇总!$A:$AM,35,0) -> 0 | Q47: =O47-P47 -> 0 | R47: 23 | S47: =VLOOKUP($B47,[10]月度汇总!$A:$AM,38,0) -> 0 | T47: =R47-S47 -> 23
A48: =ROW()-2 -> 46 | B48: 杨海燕 | D48: =VLOOKUP(B48,[10]月度汇总!$A:$AM,22,0) -> 0 | E48: =C48-D48 -> 0 | G48: =VLOOKUP($B48,[10]月度汇总!$A:$AM,23,0) -> 0 | H48: =F48-G48 -> 0 | J48: =VLOOKUP($B48,[10]月度汇总!$A:$AM,24,0) -> 0 | K48: =I48-J48 -> 0 | L48: 1 | M48: =VLOOKUP($B48,[10]月度汇总!$A:$AM,25,0) -> 0 | N48: =L48-M48 -> 1 | P48: =VLOOKUP($B48,[10]月度汇总!$A:$AM,35,0) -> 0 | Q48: =O48-P48 -> 0 | R48: 21 | S48: =VLOOKUP($B48,[10]月度汇总!$A:$AM,38,0) -> 0 | T48: =R48-S48 -> 21
A49: =ROW()-2 -> 47 | B49: 李海侠 | D49: =VLOOKUP(B49,[10]月度汇总!$A:$AM,22,0) -> 0 | E49: =C49-D49 -> 0 | G49: =VLOOKUP($B49,[10]月度汇总!$A:$AM,23,0) -> 0 | H49: =F49-G49 -> 0 | J49: =VLOOKUP($B49,[10]月度汇总!$A:$AM,24,0) -> 0 | K49: =I49-J49 -> 0 | M49: =VLOOKUP($B49,[10]月度汇总!$A:$AM,25,0) -> 0 | N49: =L49-M49 -> 0 | O49: 8 | P49: =VLOOKUP($B49,[10]月度汇总!$A:$AM,35,0) -> 0 | Q49: =O49-P49 -> 8 | R49: 8 | S49: =VLOOKUP($B49,[10]月度汇总!$A:$AM,38,0) -> 0 | T49: =R49-S49 -> 8
A50: =ROW()-2 -> 48 | B50: 褚晨雯 | D50: =VLOOKUP(B50,[10]月度汇总!$A:$AM,22,0) -> 0 | E50: =C50-D50 -> 0 | G50: =VLOOKUP($B50,[10]月度汇总!$A:$AM,23,0) -> 0 | H50: =F50-G50 -> 0 | J50: =VLOOKUP($B50,[10]月度汇总!$A:$AM,24,0) -> 0 | K50: =I50-J50 -> 0 | L50: 1 | M50: =VLOOKUP($B50,[10]月度汇总!$A:$AM,25,0) -> 0 | N50: =L50-M50 -> 1 | P50: =VLOOKUP($B50,[10]月度汇总!$A:$AM,35,0) -> 0 | Q50: =O50-P50 -> 0 | R50: 13.5 | S50: =VLOOKUP($B50,[10]月度汇总!$A:$AM,38,0) -> 0 | T50: =R50-S50 -> 13.5
A51: =ROW()-2 -> 49 | B51: 朱梦雅 | D51: =VLOOKUP(B51,[10]月度汇总!$A:$AM,22,0) -> 0 | E51: =C51-D51 -> 0 | G51: =VLOOKUP($B51,[10]月度汇总!$A:$AM,23,0) -> 0 | H51: =F51-G51 -> 0 | J51: =VLOOKUP($B51,[10]月度汇总!$A:$AM,24,0) -> 0 | K51: =I51-J51 -> 0 | L51: 8 | M51: =VLOOKUP($B51,[10]月度汇总!$A:$AM,25,0) -> 0 | N51: =L51-M51 -> 8 | P51: =VLOOKUP($B51,[10]月度汇总!$A:$AM,35,0) -> 0 | Q51: =O51-P51 -> 0 | R51: 16 | S51: =VLOOKUP($B51,[10]月度汇总!$A:$AM,38,0) -> 0 | T51: =R51-S51 -> 16
A52: =ROW()-2 -> 50 | B52: 陆文宇 | D52: =VLOOKUP(B52,[10]月度汇总!$A:$AM,22,0) -> 0 | E52: =C52-D52 -> 0 | F52: 8 | G52: =VLOOKUP($B52,[10]月度汇总!$A:$AM,23,0) -> 0 | H52: =F52-G52 -> 8 | J52: =VLOOKUP($B52,[10]月度汇总!$A:$AM,24,0) -> 8 | K52: =I52-J52 -> -8 | L52: 2.5 | M52: =VLOOKUP($B52,[10]月度汇总!$A:$AM,25,0) -> 0 | N52: =L52-M52 -> 2.5 | P52: =VLOOKUP($B52,[10]月度汇总!$A:$AM,35,0) -> 0 | Q52: =O52-P52 -> 0 | R52: 13.5 | S52: =VLOOKUP($B52,[10]月度汇总!$A:$AM,38,0) -> 0 | T52: =R52-S52 -> 13.5
A53: =ROW()-2 -> 51 | B53: 汤喆 | D53: =VLOOKUP(B53,[10]月度汇总!$A:$AM,22,0) -> 0 | E53: =C53-D53 -> 0 | G53: =VLOOKUP($B53,[10]月度汇总!$A:$AM,23,0) -> 0 | H53: =F53-G53 -> 0 | J53: =VLOOKUP($B53,[10]月度汇总!$A:$AM,24,0) -> 0 | K53: =I53-J53 -> 0 | L53: 8 | M53: =VLOOKUP($B53,[10]月度汇总!$A:$AM,25,0) -> 0 | N53: =L53-M53 -> 8 | P53: =VLOOKUP($B53,[10]月度汇总!$A:$AM,35,0) -> 0 | Q53: =O53-P53 -> 0 | R53: 16 | S53: =VLOOKUP($B53,[10]月度汇总!$A:$AM,38,0) -> 0 | T53: =R53-S53 -> 16
A54: =ROW()-2 -> 52 | B54: 刘程 | D54: =VLOOKUP(B54,[10]月度汇总!$A:$AM,22,0) -> 0 | E54: =C54-D54 -> 0 | G54: =VLOOKUP($B54,[10]月度汇总!$A:$AM,23,0) -> 0 | H54: =F54-G54 -> 0 | J54: =VLOOKUP($B54,[10]月度汇总!$A:$AM,24,0) -> 0 | K54: =I54-J54 -> 0 | L54: 11.5 | M54: =VLOOKUP($B54,[10]月度汇总!$A:$AM,25,0) -> 0 | N54: =L54-M54 -> 11.5 | P54: =VLOOKUP($B54,[10]月度汇总!$A:$AM,35,0) -> 0 | Q54: =O54-P54 -> 0 | R54: 8 | S54: =VLOOKUP($B54,[10]月度汇总!$A:$AM,38,0) -> 0 | T54: =R54-S54 -> 8
A55: =ROW()-2 -> 53 | B55: 邢杏杏 | D55: =VLOOKUP(B55,[10]月度汇总!$A:$AM,22,0) -> 0 | E55: =C55-D55 -> 0 | G55: =VLOOKUP($B55,[10]月度汇总!$A:$AM,23,0) -> 0 | H55: =F55-G55 -> 0 | I55: 0.5 | J55: =VLOOKUP($B55,[10]月度汇总!$A:$AM,24,0) -> 0 | K55: =I55-J55 -> 0.5 | L55: 3 | M55: =VLOOKUP($B55,[10]月度汇总!$A:$AM,25,0) -> 0.5 | N55: =L55-M55 -> 2.5 | P55: =VLOOKUP($B55,[10]月度汇总!$A:$AM,35,0) -> 0 | Q55: =O55-P55 -> 0 | R55: 14.5 | S55: =VLOOKUP($B55,[10]月度汇总!$A:$AM,38,0) -> 0 | T55: =R55-S55 -> 14.5
A56: =ROW()-2 -> 54 | B56: 黄健 | D56: =VLOOKUP(B56,[10]月度汇总!$A:$AM,22,0) -> 0 | E56: =C56-D56 -> 0 | G56: =VLOOKUP($B56,[10]月度汇总!$A:$AM,23,0) -> 0 | H56: =F56-G56 -> 0 | J56: =VLOOKUP($B56,[10]月度汇总!$A:$AM,24,0) -> 0 | K56: =I56-J56 -> 0 | M56: =VLOOKUP($B56,[10]月度汇总!$A:$AM,25,0) -> 0 | N56: =L56-M56 -> 0 | O56: 18.5 | P56: =VLOOKUP($B56,[10]月度汇总!$A:$AM,35,0) -> 0 | Q56: =O56-P56 -> 18.5 | S56: =VLOOKUP($B56,[10]月度汇总!$A:$AM,38,0) -> 0 | T56: =R56-S56 -> 0
A57: =ROW()-2 -> 55 | B57: 邱成 | D57: =VLOOKUP(B57,[10]月度汇总!$A:$AM,22,0) -> 0 | E57: =C57-D57 -> 0 | F57: 4.5 | G57: =VLOOKUP($B57,[10]月度汇总!$A:$AM,23,0) -> 0 | H57: =F57-G57 -> 4.5 | J57: =VLOOKUP($B57,[10]月度汇总!$A:$AM,24,0) -> 4.5 | K57: =I57-J57 -> -4.5 | M57: =VLOOKUP($B57,[10]月度汇总!$A:$AM,25,0) -> 0 | N57: =L57-M57 -> 0 | P57: =VLOOKUP($B57,[10]月度汇总!$A:$AM,35,0) -> 0 | Q57: =O57-P57 -> 0 | S57: =VLOOKUP($B57,[10]月度汇总!$A:$AM,38,0) -> 0 | T57: =R57-S57 -> 0
A58: =ROW()-2 -> 56 | B58: 陈绪慧 | D58: =VLOOKUP(B58,[10]月度汇总!$A:$AM,22,0) -> 0 | E58: =C58-D58 -> 0 | G58: =VLOOKUP($B58,[10]月度汇总!$A:$AM,23,0) -> 0 | H58: =F58-G58 -> 0 | J58: =VLOOKUP($B58,[10]月度汇总!$A:$AM,24,0) -> 0 | K58: =I58-J58 -> 0 | M58: =VLOOKUP($B58,[10]月度汇总!$A:$AM,25,0) -> 0 | N58: =L58-M58 -> 0 | P58: =VLOOKUP($B58,[10]月度汇总!$A:$AM,35,0) -> 0 | Q58: =O58-P58 -> 0 | R58: 7 | S58: =VLOOKUP($B58,[10]月度汇总!$A:$AM,38,0) -> 0 | T58: =R58-S58 -> 7
A59: =ROW()-2 -> 57 | B59: 章发晨 | D59: =VLOOKUP(B59,[10]月度汇总!$A:$AM,22,0) -> 0 | E59: =C59-D59 -> 0 | G59: =VLOOKUP($B59,[10]月度汇总!$A:$AM,23,0) -> 0 | H59: =F59-G59 -> 0 | J59: =VLOOKUP($B59,[10]月度汇总!$A:$AM,24,0) -> 0 | K59: =I59-J59 -> 0 | M59: =VLOOKUP($B59,[10]月度汇总!$A:$AM,25,0) -> 0 | N59: =L59-M59 -> 0 | P59: =VLOOKUP($B59,[10]月度汇总!$A:$AM,35,0) -> 0 | Q59: =O59-P59 -> 0 | R59: 22 | S59: =VLOOKUP($B59,[10]月度汇总!$A:$AM,38,0) -> 0 | T59: =R59-S59 -> 22
A60: =ROW()-2 -> 58 | B60: 申国超 | D60: =VLOOKUP(B60,[10]月度汇总!$A:$AM,22,0) -> 0 | E60: =C60-D60 -> 0 | G60: =VLOOKUP($B60,[10]月度汇总!$A:$AM,23,0) -> 0 | H60: =F60-G60 -> 0 | J60: =VLOOKUP($B60,[10]月度汇总!$A:$AM,24,0) -> 0 | K60: =I60-J60 -> 0 | M60: =VLOOKUP($B60,[10]月度汇总!$A:$AM,25,0) -> 0 | N60: =L60-M60 -> 0 | O60: 8.5 | P60: =VLOOKUP($B60,[10]月度汇总!$A:$AM,35,0) -> 0 | Q60: =O60-P60 -> 8.5 | R60: 20 | S60: =VLOOKUP($B60,[10]月度汇总!$A:$AM,38,0) -> 0 | T60: =R60-S60 -> 20
A61: =ROW()-2 -> 59 | B61: 李一鸣 | D61: =VLOOKUP(B61,[10]月度汇总!$A:$AM,22,0) -> 0 | E61: =C61-D61 -> 0 | G61: =VLOOKUP($B61,[10]月度汇总!$A:$AM,23,0) -> 0 | H61: =F61-G61 -> 0 | J61: =VLOOKUP($B61,[10]月度汇总!$A:$AM,24,0) -> 0 | K61: =I61-J61 -> 0 | M61: =VLOOKUP($B61,[10]月度汇总!$A:$AM,25,0) -> 0 | N61: =L61-M61 -> 0 | P61: =VLOOKUP($B61,[10]月度汇总!$A:$AM,35,0) -> 0 | Q61: =O61-P61 -> 0 | R61: 8 | S61: =VLOOKUP($B61,[10]月度汇总!$A:$AM,38,0) -> 0 | T61: =R61-S61 -> 8
A62: =ROW()-2 -> 60 | B62: 梅守强 | D62: =VLOOKUP(B62,[10]月度汇总!$A:$AM,22,0) -> 0 | E62: =C62-D62 -> 0 | G62: =VLOOKUP($B62,[10]月度汇总!$A:$AM,23,0) -> 0 | H62: =F62-G62 -> 0 | J62: =VLOOKUP($B62,[10]月度汇总!$A:$AM,24,0) -> 0 | K62: =I62-J62 -> 0 | M62: =VLOOKUP($B62,[10]月度汇总!$A:$AM,25,0) -> 0 | N62: =L62-M62 -> 0 | O62: 31.5 | P62: =VLOOKUP($B62,[10]月度汇总!$A:$AM,35,0) -> 0 | Q62: =O62-P62 -> 31.5 | S62: =VLOOKUP($B62,[10]月度汇总!$A:$AM,38,0) -> 0 | T62: =R62-S62 -> 0
A63: =ROW()-2 -> 61 | B63: 骆方涛 | D63: =VLOOKUP(B63,[10]月度汇总!$A:$AM,22,0) -> 0 | E63: =C63-D63 -> 0 | G63: =VLOOKUP($B63,[10]月度汇总!$A:$AM,23,0) -> 0 | H63: =F63-G63 -> 0 | J63: =VLOOKUP($B63,[10]月度汇总!$A:$AM,24,0) -> 0 | K63: =I63-J63 -> 0 | L63: 4 | M63: =VLOOKUP($B63,[10]月度汇总!$A:$AM,25,0) -> 0 | N63: =L63-M63 -> 4 | P63: =VLOOKUP($B63,[10]月度汇总!$A:$AM,35,0) -> 0 | Q63: =O63-P63 -> 0 | R63: 16 | S63: =VLOOKUP($B63,[10]月度汇总!$A:$AM,38,0) -> 0 | T63: =R63-S63 -> 16
A64: =ROW()-2 -> 62 | B64: 齐浩迎 | D64: =VLOOKUP(B64,[10]月度汇总!$A:$AM,22,0) -> 0 | E64: =C64-D64 -> 0 | G64: =VLOOKUP($B64,[10]月度汇总!$A:$AM,23,0) -> 0 | H64: =F64-G64 -> 0 | J64: =VLOOKUP($B64,[10]月度汇总!$A:$AM,24,0) -> 0 | K64: =I64-J64 -> 0 | L64: 2.5 | M64: =VLOOKUP($B64,[10]月度汇总!$A:$AM,25,0) -> 0 | N64: =L64-M64 -> 2.5 | P64: =VLOOKUP($B64,[10]月度汇总!$A:$AM,35,0) -> 0 | Q64: =O64-P64 -> 0 | R64: 37.5 | S64: =VLOOKUP($B64,[10]月度汇总!$A:$AM,38,0) -> 0 | T64: =R64-S64 -> 37.5
A65: =ROW()-2 -> 63 | B65: 吴俊志 | D65: =VLOOKUP(B65,[10]月度汇总!$A:$AM,22,0) -> 0 | E65: =C65-D65 -> 0 | G65: =VLOOKUP($B65,[10]月度汇总!$A:$AM,23,0) -> 0 | H65: =F65-G65 -> 0 | J65: =VLOOKUP($B65,[10]月度汇总!$A:$AM,24,0) -> 0 | K65: =I65-J65 -> 0 | L65: 2.5 | M65: =VLOOKUP($B65,[10]月度汇总!$A:$AM,25,0) -> 0 | N65: =L65-M65 -> 2.5 | O65: 5.5 | P65: =VLOOKUP($B65,[10]月度汇总!$A:$AM,35,0) -> 0 | Q65: =O65-P65 -> 5.5 | R65: 12 | S65: =VLOOKUP($B65,[10]月度汇总!$A:$AM,38,0) -> 0 | T65: =R65-S65 -> 12
A66: =ROW()-2 -> 64 | B66: 李华南 | D66: =VLOOKUP(B66,[10]月度汇总!$A:$AM,22,0) -> 0 | E66: =C66-D66 -> 0 | G66: =VLOOKUP($B66,[10]月度汇总!$A:$AM,23,0) -> 0 | H66: =F66-G66 -> 0 | J66: =VLOOKUP($B66,[10]月度汇总!$A:$AM,24,0) -> 0 | K66: =I66-J66 -> 0 | M66: =VLOOKUP($B66,[10]月度汇总!$A:$AM,25,0) -> 0 | N66: =L66-M66 -> 0 | P66: =VLOOKUP($B66,[10]月度汇总!$A:$AM,35,0) -> 0 | Q66: =O66-P66 -> 0 | R66: 16 | S66: =VLOOKUP($B66,[10]月度汇总!$A:$AM,38,0) -> 0 | T66: =R66-S66 -> 16
A67: =ROW()-2 -> 65 | B67: 吴利丹 | D67: =VLOOKUP(B67,[10]月度汇总!$A:$AM,22,0) -> 0 | E67: =C67-D67 -> 0 | G67: =VLOOKUP($B67,[10]月度汇总!$A:$AM,23,0) -> 0 | H67: =F67-G67 -> 0 | J67: =VLOOKUP($B67,[10]月度汇总!$A:$AM,24,0) -> 0 | K67: =I67-J67 -> 0 | L67: 12 | M67: =VLOOKUP($B67,[10]月度汇总!$A:$AM,25,0) -> 0 | N67: =L67-M67 -> 12 | P67: =VLOOKUP($B67,[10]月度汇总!$A:$AM,35,0) -> 0 | Q67: =O67-P67 -> 0 | R67: 33 | S67: =VLOOKUP($B67,[10]月度汇总!$A:$AM,38,0) -> 0 | T67: =R67-S67 -> 33
A68: =ROW()-2 -> 66 | B68: 朴雪花 | D68: =VLOOKUP(B68,[10]月度汇总!$A:$AM,22,0) -> 0 | E68: =C68-D68 -> 0 | G68: =VLOOKUP($B68,[10]月度汇总!$A:$AM,23,0) -> 0 | H68: =F68-G68 -> 0 | J68: =VLOOKUP($B68,[10]月度汇总!$A:$AM,24,0) -> 0 | K68: =I68-J68 -> 0 | M68: =VLOOKUP($B68,[10]月度汇总!$A:$AM,25,0) -> 0 | N68: =L68-M68 -> 0 | P68: =VLOOKUP($B68,[10]月度汇总!$A:$AM,35,0) -> 0 | Q68: =O68-P68 -> 0 | R68: 16 | S68: =VLOOKUP($B68,[10]月度汇总!$A:$AM,38,0) -> 0 | T68: =R68-S68 -> 16
A69: =ROW()-2 -> 67 | B69: 易鹏 | D69: =VLOOKUP(B69,[10]月度汇总!$A:$AM,22,0) -> 0 | E69: =C69-D69 -> 0 | G69: =VLOOKUP($B69,[10]月度汇总!$A:$AM,23,0) -> 0 | H69: =F69-G69 -> 0 | J69: =VLOOKUP($B69,[10]月度汇总!$A:$AM,24,0) -> 0 | K69: =I69-J69 -> 0 | L69: 8 | M69: =VLOOKUP($B69,[10]月度汇总!$A:$AM,25,0) -> 0 | N69: =L69-M69 -> 8 | O69: 8 | P69: =VLOOKUP($B69,[10]月度汇总!$A:$AM,35,0) -> 0 | Q69: =O69-P69 -> 8 | R69: 6 | S69: =VLOOKUP($B69,[10]月度汇总!$A:$AM,38,0) -> 0 | T69: =R69-S69 -> 6
A70: =ROW()-2 -> 68 | B70: 皮亚楠 | D70: =VLOOKUP(B70,[10]月度汇总!$A:$AM,22,0) -> 0 | E70: =C70-D70 -> 0 | G70: =VLOOKUP($B70,[10]月度汇总!$A:$AM,23,0) -> 0 | H70: =F70-G70 -> 0 | J70: =VLOOKUP($B70,[10]月度汇总!$A:$AM,24,0) -> 0 | K70: =I70-J70 -> 0 | M70: =VLOOKUP($B70,[10]月度汇总!$A:$AM,25,0) -> 0 | N70: =L70-M70 -> 0 | O70: 23.5 | P70: =VLOOKUP($B70,[10]月度汇总!$A:$AM,35,0) -> 0 | Q70: =O70-P70 -> 23.5 | R70: 8 | S70: =VLOOKUP($B70,[10]月度汇总!$A:$AM,38,0) -> 0 | T70: =R70-S70 -> 8
A71: =ROW()-2 -> 69 | B71: 朱秀梅 | D71: =VLOOKUP(B71,[10]月度汇总!$A:$AM,22,0) -> 0 | E71: =C71-D71 -> 0 | G71: =VLOOKUP($B71,[10]月度汇总!$A:$AM,23,0) -> 0 | H71: =F71-G71 -> 0 | J71: =VLOOKUP($B71,[10]月度汇总!$A:$AM,24,0) -> 0 | K71: =I71-J71 -> 0 | L71: 8 | M71: =VLOOKUP($B71,[10]月度汇总!$A:$AM,25,0) -> 0 | N71: =L71-M71 -> 8 | O71: 32 | P71: =VLOOKUP($B71,[10]月度汇总!$A:$AM,35,0) -> 0 | Q71: =O71-P71 -> 32 | S71: =VLOOKUP($B71,[10]月度汇总!$A:$AM,38,0) -> 0 | T71: =R71-S71 -> 0
A72: =ROW()-2 -> 70 | B72: 耿童童 | D72: =VLOOKUP(B72,[10]月度汇总!$A:$AM,22,0) -> 0 | E72: =C72-D72 -> 0 | G72: =VLOOKUP($B72,[10]月度汇总!$A:$AM,23,0) -> 0 | H72: =F72-G72 -> 0 | J72: =VLOOKUP($B72,[10]月度汇总!$A:$AM,24,0) -> 0 | K72: =I72-J72 -> 0 | L72: 7 | M72: =VLOOKUP($B72,[10]月度汇总!$A:$AM,25,0) -> 0 | N72: =L72-M72 -> 7 | P72: =VLOOKUP($B72,[10]月度汇总!$A:$AM,35,0) -> 0 | Q72: =O72-P72 -> 0 | R72: 24 | S72: =VLOOKUP($B72,[10]月度汇总!$A:$AM,38,0) -> 0 | T72: =R72-S72 -> 24
A73: =ROW()-2 -> 71 | B73: 蒲科辉 | D73: =VLOOKUP(B73,[10]月度汇总!$A:$AM,22,0) -> 0 | E73: =C73-D73 -> 0 | G73: =VLOOKUP($B73,[10]月度汇总!$A:$AM,23,0) -> 0 | H73: =F73-G73 -> 0 | J73: =VLOOKUP($B73,[10]月度汇总!$A:$AM,24,0) -> 0 | K73: =I73-J73 -> 0 | M73: =VLOOKUP($B73,[10]月度汇总!$A:$AM,25,0) -> 0 | N73: =L73-M73 -> 0 | O73: 50 | P73: =VLOOKUP($B73,[10]月度汇总!$A:$AM,35,0) -> 0 | Q73: =O73-P73 -> 50 | S73: =VLOOKUP($B73,[10]月度汇总!$A:$AM,38,0) -> 0 | T73: =R73-S73 -> 0
A74: =ROW()-2 -> 72 | B74: 沈刚 | C74: 2 | D74: =VLOOKUP(B74,[10]月度汇总!$A:$AM,22,0) -> 0 | E74: =C74-D74 -> 2 | G74: =VLOOKUP($B74,[10]月度汇总!$A:$AM,23,0) -> 2 | H74: =F74-G74 -> -2 | J74: =VLOOKUP($B74,[10]月度汇总!$A:$AM,24,0) -> 0 | K74: =I74-J74 -> 0 | M74: =VLOOKUP($B74,[10]月度汇总!$A:$AM,25,0) -> 0 | N74: =L74-M74 -> 0 | P74: =VLOOKUP($B74,[10]月度汇总!$A:$AM,35,0) -> 0 | Q74: =O74-P74 -> 0 | S74: =VLOOKUP($B74,[10]月度汇总!$A:$AM,38,0) -> 0 | T74: =R74-S74 -> 0
A75: =ROW()-2 -> 73 | B75: 周宏坤 | D75: =VLOOKUP(B75,[10]月度汇总!$A:$AM,22,0) -> 0 | E75: =C75-D75 -> 0 | G75: =VLOOKUP($B75,[10]月度汇总!$A:$AM,23,0) -> 0 | H75: =F75-G75 -> 0 | J75: =VLOOKUP($B75,[10]月度汇总!$A:$AM,24,0) -> 0 | K75: =I75-J75 -> 0 | M75: =VLOOKUP($B75,[10]月度汇总!$A:$AM,25,0) -> 0 | N75: =L75-M75 -> 0 | O75: 6.5 | P75: =VLOOKUP($B75,[10]月度汇总!$A:$AM,35,0) -> 0 | Q75: =O75-P75 -> 6.5 | S75: =VLOOKUP($B75,[10]月度汇总!$A:$AM,38,0) -> 0 | T75: =R75-S75 -> 0
A76: =ROW()-2 -> 74 | B76: 夏菁 | D76: =VLOOKUP(B76,[10]月度汇总!$A:$AM,22,0) -> 0 | E76: =C76-D76 -> 0 | G76: =VLOOKUP($B76,[10]月度汇总!$A:$AM,23,0) -> 0 | H76: =F76-G76 -> 0 | J76: =VLOOKUP($B76,[10]月度汇总!$A:$AM,24,0) -> 0 | K76: =I76-J76 -> 0 | M76: =VLOOKUP($B76,[10]月度汇总!$A:$AM,25,0) -> 0 | N76: =L76-M76 -> 0 | P76: =VLOOKUP($B76,[10]月度汇总!$A:$AM,35,0) -> 0 | Q76: =O76-P76 -> 0 | R76: 25.5 | S76: =VLOOKUP($B76,[10]月度汇总!$A:$AM,38,0) -> 0 | T76: =R76-S76 -> 25.5
A77: =ROW()-2 -> 75 | B77: 王敬豪 | D77: =VLOOKUP(B77,[10]月度汇总!$A:$AM,22,0) -> 0 | E77: =C77-D77 -> 0 | G77: =VLOOKUP($B77,[10]月度汇总!$A:$AM,23,0) -> 0 | H77: =F77-G77 -> 0 | J77: =VLOOKUP($B77,[10]月度汇总!$A:$AM,24,0) -> 0 | K77: =I77-J77 -> 0 | M77: =VLOOKUP($B77,[10]月度汇总!$A:$AM,25,0) -> 0 | N77: =L77-M77 -> 0 | O77: 16 | P77: =VLOOKUP($B77,[10]月度汇总!$A:$AM,35,0) -> 0 | Q77: =O77-P77 -> 16 | S77: =VLOOKUP($B77,[10]月度汇总!$A:$AM,38,0) -> 0 | T77: =R77-S77 -> 0
A78: =ROW()-2 -> 76 | B78: 吴登朋 | D78: =VLOOKUP(B78,[10]月度汇总!$A:$AM,22,0) -> 0 | E78: =C78-D78 -> 0 | G78: =VLOOKUP($B78,[10]月度汇总!$A:$AM,23,0) -> 0 | H78: =F78-G78 -> 0 | J78: =VLOOKUP($B78,[10]月度汇总!$A:$AM,24,0) -> 0 | K78: =I78-J78 -> 0 | L78: 4.5 | M78: =VLOOKUP($B78,[10]月度汇总!$A:$AM,25,0) -> 0 | N78: =L78-M78 -> 4.5 | O78: 24 | P78: =VLOOKUP($B78,[10]月度汇总!$A:$AM,35,0) -> 0 | Q78: =O78-P78 -> 24 | S78: =VLOOKUP($B78,[10]月度汇总!$A:$AM,38,0) -> 0 | T78: =R78-S78 -> 0
A79: =ROW()-2 -> 77 | B79: 胡军 | D79: =VLOOKUP(B79,[10]月度汇总!$A:$AM,22,0) -> 0 | E79: =C79-D79 -> 0 | G79: =VLOOKUP($B79,[10]月度汇总!$A:$AM,23,0) -> 0 | H79: =F79-G79 -> 0 | J79: =VLOOKUP($B79,[10]月度汇总!$A:$AM,24,0) -> 0 | K79: =I79-J79 -> 0 | M79: =VLOOKUP($B79,[10]月度汇总!$A:$AM,25,0) -> 0 | N79: =L79-M79 -> 0 | P79: =VLOOKUP($B79,[10]月度汇总!$A:$AM,35,0) -> 0 | Q79: =O79-P79 -> 0 | R79: 8 | S79: =VLOOKUP($B79,[10]月度汇总!$A:$AM,38,0) -> 0 | T79: =R79-S79 -> 8
A80: =ROW()-2 -> 78 | B80: 赵朝龙 | D80: =VLOOKUP(B80,[10]月度汇总!$A:$AM,22,0) -> 0 | E80: =C80-D80 -> 0 | G80: =VLOOKUP($B80,[10]月度汇总!$A:$AM,23,0) -> 0 | H80: =F80-G80 -> 0 | J80: =VLOOKUP($B80,[10]月度汇总!$A:$AM,24,0) -> 0 | K80: =I80-J80 -> 0 | M80: =VLOOKUP($B80,[10]月度汇总!$A:$AM,25,0) -> 0 | N80: =L80-M80 -> 0 | P80: =VLOOKUP($B80,[10]月度汇总!$A:$AM,35,0) -> 0 | Q80: =O80-P80 -> 0 | S80: =VLOOKUP($B80,[10]月度汇总!$A:$AM,38,0) -> 0 | T80: =R80-S80 -> 0
A81: =ROW()-2 -> 79 | B81: 黄金伟 | D81: =VLOOKUP(B81,[10]月度汇总!$A:$AM,22,0) -> 0 | E81: =C81-D81 -> 0 | F81: 3.5 | G81: =VLOOKUP($B81,[10]月度汇总!$A:$AM,23,0) -> 0 | H81: =F81-G81 -> 3.5 | J81: =VLOOKUP($B81,[10]月度汇总!$A:$AM,24,0) -> 3.5 | K81: =I81-J81 -> -3.5 | M81: =VLOOKUP($B81,[10]月度汇总!$A:$AM,25,0) -> 0 | N81: =L81-M81 -> 0 | P81: =VLOOKUP($B81,[10]月度汇总!$A:$AM,35,0) -> 0 | Q81: =O81-P81 -> 0 | S81: =VLOOKUP($B81,[10]月度汇总!$A:$AM,38,0) -> 0 | T81: =R81-S81 -> 0
A82: =ROW()-2 -> 80 | B82: 孙运成 | D82: =VLOOKUP(B82,[10]月度汇总!$A:$AM,22,0) -> 0 | E82: =C82-D82 -> 0 | G82: =VLOOKUP($B82,[10]月度汇总!$A:$AM,23,0) -> 0 | H82: =F82-G82 -> 0 | J82: =VLOOKUP($B82,[10]月度汇总!$A:$AM,24,0) -> 0 | K82: =I82-J82 -> 0 | M82: =VLOOKUP($B82,[10]月度汇总!$A:$AM,25,0) -> 0 | N82: =L82-M82 -> 0 | P82: =VLOOKUP($B82,[10]月度汇总!$A:$AM,35,0) -> 0 | Q82: =O82-P82 -> 0 | S82: =VLOOKUP($B82,[10]月度汇总!$A:$AM,38,0) -> 0 | T82: =R82-S82 -> 0
A83: =ROW()-2 -> 81 | B83: 牟立强 | C83: 0.5 | D83: =VLOOKUP(B83,[10]月度汇总!$A:$AM,22,0) -> 16 | E83: =C83-D83 -> -15.5 | G83: =VLOOKUP($B83,[10]月度汇总!$A:$AM,23,0) -> 0.5 | H83: =F83-G83 -> -0.5 | J83: =VLOOKUP($B83,[10]月度汇总!$A:$AM,24,0) -> 0 | K83: =I83-J83 -> 0 | M83: =VLOOKUP($B83,[10]月度汇总!$A:$AM,25,0) -> 0 | N83: =L83-M83 -> 0 | P83: =VLOOKUP($B83,[10]月度汇总!$A:$AM,35,0) -> 0 | Q83: =O83-P83 -> 0 | S83: =VLOOKUP($B83,[10]月度汇总!$A:$AM,38,0) -> 0 | T83: =R83-S83 -> 0
A84: =ROW()-2 -> 82 | B84: 吴戈 | D84: =VLOOKUP(B84,[10]月度汇总!$A:$AM,22,0) -> 16 | E84: =C84-D84 -> -16 | G84: =VLOOKUP($B84,[10]月度汇总!$A:$AM,23,0) -> 0 | H84: =F84-G84 -> 0 | J84: =VLOOKUP($B84,[10]月度汇总!$A:$AM,24,0) -> 0 | K84: =I84-J84 -> 0 | M84: =VLOOKUP($B84,[10]月度汇总!$A:$AM,25,0) -> 0 | N84: =L84-M84 -> 0 | P84: =VLOOKUP($B84,[10]月度汇总!$A:$AM,35,0) -> 0 | Q84: =O84-P84 -> 0 | S84: =VLOOKUP($B84,[10]月度汇总!$A:$AM,38,0) -> 0 | T84: =R84-S84 -> 0
A85: =ROW()-2 -> 83 | B85: 孙静怡 | C85: 0.5 | D85: =VLOOKUP(B85,[10]月度汇总!$A:$AM,22,0) -> 21.5 | E85: =C85-D85 -> -21 | G85: =VLOOKUP($B85,[10]月度汇总!$A:$AM,23,0) -> 0.5 | H85: =F85-G85 -> -0.5 | J85: =VLOOKUP($B85,[10]月度汇总!$A:$AM,24,0) -> 0 | K85: =I85-J85 -> 0 | M85: =VLOOKUP($B85,[10]月度汇总!$A:$AM,25,0) -> 0 | N85: =L85-M85 -> 0 | O85: 12 | P85: =VLOOKUP($B85,[10]月度汇总!$A:$AM,35,0) -> 0 | Q85: =O85-P85 -> 12 | S85: =VLOOKUP($B85,[10]月度汇总!$A:$AM,38,0) -> 0 | T85: =R85-S85 -> 0
A86: =ROW()-2 -> 84 | B86: 陈春霞 | D86: =VLOOKUP(B86,[10]月度汇总!$A:$AM,22,0) -> 0 | E86: =C86-D86 -> 0 | G86: =VLOOKUP($B86,[10]月度汇总!$A:$AM,23,0) -> 0 | H86: =F86-G86 -> 0 | J86: =VLOOKUP($B86,[10]月度汇总!$A:$AM,24,0) -> 0 | K86: =I86-J86 -> 0 | L86: 16 | M86: =VLOOKUP($B86,[10]月度汇总!$A:$AM,25,0) -> 0 | N86: =L86-M86 -> 16 | P86: =VLOOKUP($B86,[10]月度汇总!$A:$AM,35,0) -> 0 | Q86: =O86-P86 -> 0 | R86: 16 | S86: =VLOOKUP($B86,[10]月度汇总!$A:$AM,38,0) -> 0 | T86: =R86-S86 -> 16
A87: =ROW()-2 -> 85 | B87: 朱行悟 | D87: =VLOOKUP(B87,[10]月度汇总!$A:$AM,22,0) -> 21.5 | E87: =C87-D87 -> -21.5 | G87: =VLOOKUP($B87,[10]月度汇总!$A:$AM,23,0) -> 0 | H87: =F87-G87 -> 0 | J87: =VLOOKUP($B87,[10]月度汇总!$A:$AM,24,0) -> 0 | K87: =I87-J87 -> 0 | L87: 5 | M87: =VLOOKUP($B87,[10]月度汇总!$A:$AM,25,0) -> 0 | N87: =L87-M87 -> 5 | P87: =VLOOKUP($B87,[10]月度汇总!$A:$AM,35,0) -> 0 | Q87: =O87-P87 -> 0 | R87: 8 | S87: =VLOOKUP($B87,[10]月度汇总!$A:$AM,38,0) -> 0 | T87: =R87-S87 -> 8
A88: =ROW()-2 -> 86 | B88: 马泽生 | D88: =VLOOKUP(B88,[10]月度汇总!$A:$AM,22,0) -> 5.48 | E88: =C88-D88 -> -5.48 | G88: =VLOOKUP($B88,[10]月度汇总!$A:$AM,23,0) -> 0 | H88: =F88-G88 -> 0 | J88: =VLOOKUP($B88,[10]月度汇总!$A:$AM,24,0) -> 0 | K88: =I88-J88 -> 0 | M88: =VLOOKUP($B88,[10]月度汇总!$A:$AM,25,0) -> 0 | N88: =L88-M88 -> 0 | P88: =VLOOKUP($B88,[10]月度汇总!$A:$AM,35,0) -> 0 | Q88: =O88-P88 -> 0 | S88: =VLOOKUP($B88,[10]月度汇总!$A:$AM,38,0) -> 0 | T88: =R88-S88 -> 0
A89: =ROW()-2 -> 87 | B89: 周媛 | D89: =VLOOKUP(B89,[10]月度汇总!$A:$AM,22,0) -> 53.5 | E89: =C89-D89 -> -53.5 | G89: =VLOOKUP($B89,[10]月度汇总!$A:$AM,23,0) -> 0 | H89: =F89-G89 -> 0 | J89: =VLOOKUP($B89,[10]月度汇总!$A:$AM,24,0) -> 0 | K89: =I89-J89 -> 0 | M89: =VLOOKUP($B89,[10]月度汇总!$A:$AM,25,0) -> 0 | N89: =L89-M89 -> 0 | P89: =VLOOKUP($B89,[10]月度汇总!$A:$AM,35,0) -> 0 | Q89: =O89-P89 -> 0 | S89: =VLOOKUP($B89,[10]月度汇总!$A:$AM,38,0) -> 0 | T89: =R89-S89 -> 0
A90: =ROW()-2 -> 88 | B90: 董皊 | D90: =VLOOKUP(B90,[10]月度汇总!$A:$AM,22,0) -> 0 | E90: =C90-D90 -> 0 | G90: =VLOOKUP($B90,[10]月度汇总!$A:$AM,23,0) -> 0 | H90: =F90-G90 -> 0 | J90: =VLOOKUP($B90,[10]月度汇总!$A:$AM,24,0) -> 0 | K90: =I90-J90 -> 0 | M90: =VLOOKUP($B90,[10]月度汇总!$A:$AM,25,0) -> 0 | N90: =L90-M90 -> 0 | P90: =VLOOKUP($B90,[10]月度汇总!$A:$AM,35,0) -> 0 | Q90: =O90-P90 -> 0 | S90: =VLOOKUP($B90,[10]月度汇总!$A:$AM,38,0) -> 0 | T90: =R90-S90 -> 0
A91: =ROW()-2 -> 89 | B91: 朱韦平 | C91: 1 | D91: =VLOOKUP(B91,[10]月度汇总!$A:$AM,22,0) -> 0 | E91: =C91-D91 -> 1 | G91: =VLOOKUP($B91,[10]月度汇总!$A:$AM,23,0) -> 1 | H91: =F91-G91 -> -1 | J91: =VLOOKUP($B91,[10]月度汇总!$A:$AM,24,0) -> 0 | K91: =I91-J91 -> 0 | M91: =VLOOKUP($B91,[10]月度汇总!$A:$AM,25,0) -> 0 | N91: =L91-M91 -> 0 | O91: 16 | P91: =VLOOKUP($B91,[10]月度汇总!$A:$AM,35,0) -> 0 | Q91: =O91-P91 -> 16 | S91: =VLOOKUP($B91,[10]月度汇总!$A:$AM,38,0) -> 0 | T91: =R91-S91 -> 0
A92: =ROW()-2 -> 90 | B92: 李梦 | D92: =VLOOKUP(B92,[10]月度汇总!$A:$AM,22,0) -> 16 | E92: =C92-D92 -> -16 | G92: =VLOOKUP($B92,[10]月度汇总!$A:$AM,23,0) -> 0 | H92: =F92-G92 -> 0 | J92: =VLOOKUP($B92,[10]月度汇总!$A:$AM,24,0) -> 0 | K92: =I92-J92 -> 0 | M92: =VLOOKUP($B92,[10]月度汇总!$A:$AM,25,0) -> 0 | N92: =L92-M92 -> 0 | P92: =VLOOKUP($B92,[10]月度汇总!$A:$AM,35,0) -> 0 | Q92: =O92-P92 -> 0 | S92: =VLOOKUP($B92,[10]月度汇总!$A:$AM,38,0) -> 0 | T92: =R92-S92 -> 0
A93: =ROW()-2 -> 91 | B93: 蒋杰 | D93: =VLOOKUP(B93,[10]月度汇总!$A:$AM,22,0) -> 0 | E93: =C93-D93 -> 0 | G93: =VLOOKUP($B93,[10]月度汇总!$A:$AM,23,0) -> 0 | H93: =F93-G93 -> 0 | J93: =VLOOKUP($B93,[10]月度汇总!$A:$AM,24,0) -> 0 | K93: =I93-J93 -> 0 | M93: =VLOOKUP($B93,[10]月度汇总!$A:$AM,25,0) -> 0 | N93: =L93-M93 -> 0 | P93: =VLOOKUP($B93,[10]月度汇总!$A:$AM,35,0) -> 0 | Q93: =O93-P93 -> 0 | S93: =VLOOKUP($B93,[10]月度汇总!$A:$AM,38,0) -> 0 | T93: =R93-S93 -> 0
A94: =ROW()-2 -> 92 | B94: 杨召军 | D94: =VLOOKUP(B94,[10]月度汇总!$A:$AM,22,0) -> 0 | E94: =C94-D94 -> 0 | G94: =VLOOKUP($B94,[10]月度汇总!$A:$AM,23,0) -> 0 | H94: =F94-G94 -> 0 | J94: =VLOOKUP($B94,[10]月度汇总!$A:$AM,24,0) -> 0 | K94: =I94-J94 -> 0 | L94: 8 | M94: =VLOOKUP($B94,[10]月度汇总!$A:$AM,25,0) -> 0 | N94: =L94-M94 -> 8 | P94: =VLOOKUP($B94,[10]月度汇总!$A:$AM,35,0) -> 0 | Q94: =O94-P94 -> 0 | R94: 8 | S94: =VLOOKUP($B94,[10]月度汇总!$A:$AM,38,0) -> 0 | T94: =R94-S94 -> 8
A95: =ROW()-2 -> 93 | B95: 刘欢 | D95: =VLOOKUP(B95,[10]月度汇总!$A:$AM,22,0) -> 0 | E95: =C95-D95 -> 0 | G95: =VLOOKUP($B95,[10]月度汇总!$A:$AM,23,0) -> 0 | H95: =F95-G95 -> 0 | J95: =VLOOKUP($B95,[10]月度汇总!$A:$AM,24,0) -> 0 | K95: =I95-J95 -> 0 | M95: =VLOOKUP($B95,[10]月度汇总!$A:$AM,25,0) -> 0 | N95: =L95-M95 -> 0 | P95: =VLOOKUP($B95,[10]月度汇总!$A:$AM,35,0) -> 0 | Q95: =O95-P95 -> 0 | S95: =VLOOKUP($B95,[10]月度汇总!$A:$AM,38,0) -> 0 | T95: =R95-S95 -> 0
A96: =ROW()-2 -> 94 | B96: 周明 | D96: =VLOOKUP(B96,[10]月度汇总!$A:$AM,22,0) -> 0 | E96: =C96-D96 -> 0 | G96: =VLOOKUP($B96,[10]月度汇总!$A:$AM,23,0) -> 0 | H96: =F96-G96 -> 0 | J96: =VLOOKUP($B96,[10]月度汇总!$A:$AM,24,0) -> 0 | K96: =I96-J96 -> 0 | M96: =VLOOKUP($B96,[10]月度汇总!$A:$AM,25,0) -> 0 | N96: =L96-M96 -> 0 | P96: =VLOOKUP($B96,[10]月度汇总!$A:$AM,35,0) -> 0 | Q96: =O96-P96 -> 0 | S96: =VLOOKUP($B96,[10]月度汇总!$A:$AM,38,0) -> 0 | T96: =R96-S96 -> 0
A97: =ROW()-2 -> 95 | B97: 丁应强 | D97: =VLOOKUP(B97,[10]月度汇总!$A:$AM,22,0) -> 0 | E97: =C97-D97 -> 0 | F97: 32 | G97: =VLOOKUP($B97,[10]月度汇总!$A:$AM,23,0) -> 0 | H97: =F97-G97 -> 32 | J97: =VLOOKUP($B97,[10]月度汇总!$A:$AM,24,0) -> 32 | K97: =I97-J97 -> -32 | L97: 24 | M97: =VLOOKUP($B97,[10]月度汇总!$A:$AM,25,0) -> 0 | N97: =L97-M97 -> 24 | P97: =VLOOKUP($B97,[10]月度汇总!$A:$AM,35,0) -> 0 | Q97: =O97-P97 -> 0 | R97: 24 | S97: =VLOOKUP($B97,[10]月度汇总!$A:$AM,38,0) -> 0 | T97: =R97-S97 -> 24
A98: =ROW()-2 -> 96 | B98: 刘伦星 | D98: =VLOOKUP(B98,[10]月度汇总!$A:$AM,22,0) -> 0 | E98: =C98-D98 -> 0 | G98: =VLOOKUP($B98,[10]月度汇总!$A:$AM,23,0) -> 0 | H98: =F98-G98 -> 0 | J98: =VLOOKUP($B98,[10]月度汇总!$A:$AM,24,0) -> 0 | K98: =I98-J98 -> 0 | M98: =VLOOKUP($B98,[10]月度汇总!$A:$AM,25,0) -> 0 | N98: =L98-M98 -> 0 | P98: =VLOOKUP($B98,[10]月度汇总!$A:$AM,35,0) -> 0 | Q98: =O98-P98 -> 0 | S98: =VLOOKUP($B98,[10]月度汇总!$A:$AM,38,0) -> 0 | T98: =R98-S98 -> 0
A99: =ROW()-2 -> 97 | B99: 王景武 | D99: =VLOOKUP(B99,[10]月度汇总!$A:$AM,22,0) -> 32.5 | E99: =C99-D99 -> -32.5 | G99: =VLOOKUP($B99,[10]月度汇总!$A:$AM,23,0) -> 0 | H99: =F99-G99 -> 0 | J99: =VLOOKUP($B99,[10]月度汇总!$A:$AM,24,0) -> 0 | K99: =I99-J99 -> 0 | L99: 8 | M99: =VLOOKUP($B99,[10]月度汇总!$A:$AM,25,0) -> 0 | N99: =L99-M99 -> 8 | P99: =VLOOKUP($B99,[10]月度汇总!$A:$AM,35,0) -> 0 | Q99: =O99-P99 -> 0 | R99: 8 | S99: =VLOOKUP($B99,[10]月度汇总!$A:$AM,38,0) -> 0 | T99: =R99-S99 -> 8
A100: =ROW()-2 -> 98 | B100: 吴菲 | C100: 1 | D100: =VLOOKUP(B100,[10]月度汇总!$A:$AM,22,0) -> 0 | E100: =C100-D100 -> 1 | G100: =VLOOKUP($B100,[10]月度汇总!$A:$AM,23,0) -> 1 | H100: =F100-G100 -> -1 | J100: =VLOOKUP($B100,[10]月度汇总!$A:$AM,24,0) -> 0 | K100: =I100-J100 -> 0 | M100: =VLOOKUP($B100,[10]月度汇总!$A:$AM,25,0) -> 0 | N100: =L100-M100 -> 0 | P100: =VLOOKUP($B100,[10]月度汇总!$A:$AM,35,0) -> 0 | Q100: =O100-P100 -> 0 | S100: =VLOOKUP($B100,[10]月度汇总!$A:$AM,38,0) -> 0 | T100: =R100-S100 -> 0
...

Sheet 离职
B1: 姓名 | C1: 区域 | D1: 部门 | E1: 组别 | F1: 岗位 | G1: 入职日期 | H1: 其他 | I1: 时间 | J1: 22年剩余调休 | K1: 22年年假使用情况 | N1: 22年已使用育儿假 | O1: 1月 | X1: 2月 | AG1: 1-2月使用年假 | AH1: 22年剩余年假 | AI1: 截至23.2月剩余年假 | AJ1: 3月 | AS1: 4月 | BB1: 5月 | BK1: 6月 | BT1: 7月 | CC1: 8月 | CL1: 9月 | CZ1: 10月 | DI1: 11月 | DR1: 12月 | EA1: 23年年假使用情况 | ED1: 23年总加班情况 | EH1: 23年总请假
K2: 总年假 | L2: 已使用年假 | M2: 剩余年假 | O2: 年假 | P2: 事假h | Q2: 病假 | R2: 其他 | S2: 调休 | T2: 加班 加班费 | U2: 加班 转调休 | V2: 育儿假 | W2: 备注 | X2: 年假 | Y2: 事假h | Z2: 病假 | AA2: 其他 | AB2: 调休 | AC2: 加班 加班费 | AD2: 加班 转调休 | AE2: 育儿假 | AF2: 备注 | AJ2: 年假 | AK2: 事假h | AL2: 病假 | AM2: 其他 | AN2: 调休 | AO2: 加班 加班费 | AP2: 加班 转调休 | AQ2: 育儿假 | AR2: 备注 | AS2: 年假 | AT2: 事假h | AU2: 病假 | AV2: 其他 | AW2: 调休 | AX2: 加班 加班费 | AY2: 加班 转调休 | AZ2: 育儿假 | BA2: 备注 | BB2: 年假 | BC2: 事假h | BD2: 病假 | BE2: 其他 | BF2: 调休 | BG2: 加班 加班费 | BH2: 加班 转调休 | BI2: 育儿假 | BJ2: 备注 | BK2: 年假 | BL2: 事假h | BM2: 病假 | BN2: 其他 | BO2: 调休 | BP2: 加班 加班费 | BQ2: 加班 转调休 | BR2: 育儿假 | BS2: 备注 | BT2: 年假 | BU2: 事假h | BV2: 病假 | BW2: 其他 | BX2: 调休 | BY2: 加班 加班费 | BZ2: 加班 转调休 | CA2: 育儿假 | CB2: 备注 | CC2: 年假 | CD2: 事假h | CE2: 病假 | CF2: 其他 | CG2: 调休 | CH2: 加班 加班费 | CI2: 加班 转调休 | CJ2: 育儿假 | CK2: 备注 | CL2: 年假 | CM2: 事假h | CN2: 病假 | CO2: 其他 | CP2: 调休 | CQ2: 加班 加班费 | CR2: 加班 转调休 | CS2: 育儿假 | CT2: 备注 | CU2: 剩余调休 (8月) | CV2: 剩余调休 (9.20) | CW2: 折算调休数 | CX2: 折算后剩余调休 (9.20) | CY2: 折算后剩余调休(截至9月底) | CZ2: 年假 | DA2: 事假h | DB2: 病假 | DC2: 其他 | DD2: 调休 | DE2: 加班 加班费 | DF2: 加班 转调休 | DG2: 育儿假 | DH2: 备注 | DI2: 年假 | DJ2: 事假h | DK2: 病假 | DL2: 其他 | DM2: 调休 | DN2: 加班 加班费 | DO2: 加班 转调休 | DP2: 育儿假 | DQ2: 备注 | DR2: 年假 | DS2: 事假h | DT2: 病假 | DU2: 其他 | DV2: 调休 | DW2: 加班 加班费 | DX2: 加班 转调休 | DY2: 育儿假 | DZ2: 备注 | EA2: 总年假 | EB2: 已使用年假 | EC2: 剩余年假 | ED2: 累计加班/天 | EE2: 已调休/天 | EF2: 剩余调休 | EG2: 累计计薪加班/天 | EH2: 累计事假 | EI2: 累计病假 | EJ2: 累计其他 | EK2: 累计育儿假
A3: 45380 | B3: 蔡丽钿 | C3: 厦门 | D3: 厦门内容部 | E3: 林碧虹组 | F3: 内容编辑 | G3: 44657 | H3: 44927 | I3: 45292 | J3: 0 | K3: =ROUND((I3-H3)/365*5,2) -> 5 | L3: 2.8 | M3: =K3-L3 -> 2.2 | N3: 0 | U3: 8 | X3: 2 | AG3: =O3+X3 -> 2 | AH3: =M3-AG3 -> 0.2 | AI3: =IF(AH3<0,AH3,0) -> 0 | DW3: =ROUND((TODAY()-I3)/365*5,2) -> 10.07 | DX3: =-AI3+AJ3+AS3+BB3+BK3+BT3+CC3+CL3+CV3+DE3+DN3 -> 0 | DY3: =DW3-DX3 -> 10.07 | DZ3: =T3+U3+AC3+AD3+AO3+AP3+AX3+AY3++BG3+BH3+BP3+BQ3+BY3+BZ3+CH3+CI3+CQ3+CR3+DA3+DB3+DJ3+DK3+DS3+DT3 -> 8 | EA3: =S3+AB3+AN3+AW3+BF3+BO3+BX3+CG3+CP3+CZ3+DI3+DR3 -> 0 | EB3: =J3+U3-S3+AD3-AB3+AP3-AN3+AY3-AW3+BH3-BF3+BQ3-BO3+BZ3-BX3+CI3-CG3+CR3-CP3+DB3-CZ3+DK3-DI3+DT3-DR3-CU3 -> 8 | EC3: =T3+AC3+AO3+BG3+BP3+BY3+CH3+CQ3+DA3+DA3+DJ3+DS3 -> 0 | ED3: =P3+Y3+AK3+AT3+BC3+BL3+BU3+CD3+CM3+CW3+DF3+DO3 -> 0 | EE3: =Q3+Z3+AL3+AU3+BD3+BM3+BV3+CE3+CN3+CX3+DG3+DP3 -> 0 | EF3: =R3+AA3+AM3+AV3+BE3+BN3+BW3+CF3+CO3+CY3+DH3+DQ3 -> 0 | EG3: =V3+AE3+AQ3+AZ3+BI3+BR3+CA3+CJ3+CS3+DC3+DL3+DU3 -> 0
A4: 45380 | B4: 姜妍彦 | C4: 厦门 | D4: 厦门营销一部 | E4: 李梦阳组 | F4: 运营专员 | G4: 44292 | H4: 44927 | I4: 45292 | J4: 6.75 | K4: =ROUND((I4-H4)/365*5,2) -> 5 | L4: 2 | M4: =K4-L4 -> 3 | N4: 0 | S4: 6.75 | U4: 8 | X4: 3 | AB4: 8 | AG4: =O4+X4 -> 3 | AH4: =M4-AG4 -> 0 | AI4: =IF(AH4<0,AH4,0) -> 0 | DW4: =ROUND((TODAY()-I4)/365*5,2) -> 10.07 | DX4: =-AI4+AJ4+AS4+BB4+BK4+BT4+CC4+CL4+CV4+DE4+DN4 -> 0 | DY4: =DW4-DX4 -> 10.07 | DZ4: =T4+U4+AC4+AD4+AO4+AP4+AX4+AY4++BG4+BH4+BP4+BQ4+BY4+BZ4+CH4+CI4+CQ4+CR4+DA4+DB4+DJ4+DK4+DS4+DT4 -> 8 | EA4: =S4+AB4+AN4+AW4+BF4+BO4+BX4+CG4+CP4+CZ4+DI4+DR4 -> 14.75 | EB4: =J4+U4-S4+AD4-AB4+AP4-AN4+AY4-AW4+BH4-BF4+BQ4-BO4+BZ4-BX4+CI4-CG4+CR4-CP4+DB4-CZ4+DK4-DI4+DT4-DR4-CU4 -> 0 | EC4: =T4+AC4+AO4+BG4+BP4+BY4+CH4+CQ4+DA4+DA4+DJ4+DS4 -> 0 | ED4: =P4+Y4+AK4+AT4+BC4+BL4+BU4+CD4+CM4+CW4+DF4+DO4 -> 0 | EE4: =Q4+Z4+AL4+AU4+BD4+BM4+BV4+CE4+CN4+CX4+DG4+DP4 -> 0 | EF4: =R4+AA4+AM4+AV4+BE4+BN4+BW4+CF4+CO4+CY4+DH4+DQ4 -> 0 | EG4: =V4+AE4+AQ4+AZ4+BI4+BR4+CA4+CJ4+CS4+DC4+DL4+DU4 -> 0
A5: 241 | B5: 周胜永 | C5: 郑州 | D5: 郑州营销中心 | E5: 郭学雷组 | F5: 销售专员 | G5: 45159 | H5: 45159 | I5: 45292 | J5: 0 | K5: 1.82 | L5: 0 | M5: 1.82 | N5: 0 | P5: 3 | X5: 1 | AG5: 1 | AH5: 0.82 | AI5: 0 | AJ5: 1 | AK5: 3 | AS5: 1.34 | AT5: 1 | AU5: 0.34 | AV5: 0 | AW5: 0 | AX5: 0 | AY5: 0 | AZ5: 6 | BA5: 0 | BB5: 0 | BC5: 0
A6: 310 | B6: 赵海超 | C6: 上海 | D6: 上海营销二部 | E6: 丁应强组 | F6: 销售专员 | G6: 45369 | H6: 45369 | I6: 45292 | AS6: 1.34 | AT6: 0 | AU6: 1.34 | AV6: 0 | AW6: 0 | AX6: 0 | AY6: 0 | AZ6: 0 | BA6: 0 | BB6: 0 | BC6: 0
A7: 45385 | B7: 万鑫 | C7: 上海 | D7: 上海营销三部 | E7: 万建国组 | F7: 销售专员 | G7: 45355 | H7: 45355 | I7: 45292 | AK7: 13.5 | DW7: =ROUND((TODAY()-I7)/365*5,2) -> 10.07 | DX7: =-AI7+AJ7+AS7+BB7+BK7+BT7+CC7+CL7+CV7+DE7+DN7 -> 0 | DY7: =DW7-DX7 -> 10.07 | DZ7: =T7+U7+AC7+AD7+AO7+AP7+AX7+AY7++BG7+BH7+BP7+BQ7+BY7+BZ7+CH7+CI7+CQ7+CR7+DA7+DB7+DJ7+DK7+DS7+DT7 -> 0 | EA7: =S7+AB7+AN7+AW7+BF7+BO7+BX7+CG7+CP7+CZ7+DI7+DR7 -> 0 | EB7: =J7+U7-S7+AD7-AB7+AP7-AN7+AY7-AW7+BH7-BF7+BQ7-BO7+BZ7-BX7+CI7-CG7+CR7-CP7+DB7-CZ7+DK7-DI7+DT7-DR7-CU7 -> 0 | EC7: =T7+AC7+AO7+BG7+BP7+BY7+CH7+CQ7+DA7+DA7+DJ7+DS7 -> 0 | ED7: =P7+Y7+AK7+AT7+BC7+BL7+BU7+CD7+CM7+CW7+DF7+DO7 -> 13.5 | EE7: =Q7+Z7+AL7+AU7+BD7+BM7+BV7+CE7+CN7+CX7+DG7+DP7 -> 0 | EF7: =R7+AA7+AM7+AV7+BE7+BN7+BW7+CF7+CO7+CY7+DH7+DQ7 -> 0 | EG7: =V7+AE7+AQ7+AZ7+BI7+BR7+CA7+CJ7+CS7+DC7+DL7+DU7 -> 0
A8: 45411 | B8: 王博 | C8: 西安 | D8: 西安营销中心 | E8: 西安销售组 | F8: 销售专员 | G8: 45139 | H8: 45139 | I8: 45292 | J8: 0 | K8: =ROUND((I8-H8)/365*5,2) -> 2.1 | L8: 0 | M8: =K8-L8 -> 2.1 | N8: 0 | O8: 1 | X8: 1 | AG8: =O8+X8 -> 2 | AH8: =M8-AG8 -> 0.1 | AI8: =IF(AH8<0,AH8,0) -> 0 | DW8: =ROUND((TODAY()-I8)/365*5,2) -> 10.07 | DX8: =-AI8+AJ8+AS8+BB8+BK8+BT8+CC8+CL8+CV8+DE8+DN8 -> 0 | DY8: =DW8-DX8 -> 10.07 | DZ8: =T8+U8+AC8+AD8+AO8+AP8+AX8+AY8++BG8+BH8+BP8+BQ8+BY8+BZ8+CH8+CI8+CQ8+CR8+DA8+DB8+DJ8+DK8+DS8+DT8 -> 0 | EA8: =S8+AB8+AN8+AW8+BF8+BO8+BX8+CG8+CP8+CZ8+DI8+DR8 -> 0 | EB8: =J8+U8-S8+AD8-AB8+AP8-AN8+AY8-AW8+BH8-BF8+BQ8-BO8+BZ8-BX8+CI8-CG8+CR8-CP8+DB8-CZ8+DK8-DI8+DT8-DR8-CU8 -> 0 | EC8: =T8+AC8+AO8+BG8+BP8+BY8+CH8+CQ8+DA8+DA8+DJ8+DS8 -> 0 | ED8: =P8+Y8+AK8+AT8+BC8+BL8+BU8+CD8+CM8+CW8+DF8+DO8 -> 0 | EE8: =Q8+Z8+AL8+AU8+BD8+BM8+BV8+CE8+CN8+CX8+DG8+DP8 -> 0 | EF8: =R8+AA8+AM8+AV8+BE8+BN8+BW8+CF8+CO8+CY8+DH8+DQ8 -> 0 | EG8: =V8+AE8+AQ8+AZ8+BI8+BR8+CA8+CJ8+CS8+DC8+DL8+DU8 -> 0
A9: 45408 | B9: 韩强 | C9: 西安 | D9: 西安营销中心 | F9: 销售专员 | G9: 45365 | H9: 45365 | I9: 45292 | DW9: =ROUND((TODAY()-I9)/365*5,2) -> 10.07 | DX9: =-AI9+AJ9+AS9+BB9+BK9+BT9+CC9+CL9+CV9+DE9+DN9 -> 0 | DY9: =DW9-DX9 -> 10.07 | DZ9: =T9+U9+AC9+AD9+AO9+AP9+AX9+AY9++BG9+BH9+BP9+BQ9+BY9+BZ9+CH9+CI9+CQ9+CR9+DA9+DB9+DJ9+DK9+DS9+DT9 -> 0 | EA9: =S9+AB9+AN9+AW9+BF9+BO9+BX9+CG9+CP9+CZ9+DI9+DR9 -> 0 | EB9: =J9+U9-S9+AD9-AB9+AP9-AN9+AY9-AW9+BH9-BF9+BQ9-BO9+BZ9-BX9+CI9-CG9+CR9-CP9+DB9-CZ9+DK9-DI9+DT9-DR9-CU9 -> 0 | EC9: =T9+AC9+AO9+BG9+BP9+BY9+CH9+CQ9+DA9+DA9+DJ9+DS9 -> 0 | ED9: =P9+Y9+AK9+AT9+BC9+BL9+BU9+CD9+CM9+CW9+DF9+DO9 -> 0 | EE9: =Q9+Z9+AL9+AU9+BD9+BM9+BV9+CE9+CN9+CX9+DG9+DP9 -> 0 | EF9: =R9+AA9+AM9+AV9+BE9+BN9+BW9+CF9+CO9+CY9+DH9+DQ9 -> 0 | EG9: =V9+AE9+AQ9+AZ9+BI9+BR9+CA9+CJ9+CS9+DC9+DL9+DU9 -> 0
A10: 45404 | B10: 杨文凯 | C10: 上海 | D10: 上海营销一部 | E10: 朱行悟组 | F10: 销售专员 | G10: 45161 | H10: 45161 | I10: 45292 | J10: 0 | K10: =ROUND((I10-H10)/365*5,2) -> 1.79 | L10: 0 | M10: =K10-L10 -> 1.79 | N10: 0 | X10: 5 | AG10: =O10+X10 -> 5 | AH10: =M10-AG10 -> -3.21 | AI10: =IF(AH10<0,AH10,0) -> -3.21 | DW10: =ROUND((TODAY()-I10)/365*5,2) -> 10.07 | DX10: =-AI10+AJ10+AS10+BB10+BK10+BT10+CC10+CL10+CV10+DE10+DN10 -> 3.21 | DY10: =DW10-DX10 -> 6.86 | DZ10: =T10+U10+AC10+AD10+AO10+AP10+AX10+AY10++BG10+BH10+BP10+BQ10+BY10+BZ10+CH10+CI10+CQ10+CR10+DA10+DB10+DJ10+DK10+DS10+DT10 -> 0 | EA10: =S10+AB10+AN10+AW10+BF10+BO10+BX10+CG10+CP10+CZ10+DI10+DR10 -> 0 | EB10: =J10+U10-S10+AD10-AB10+AP10-AN10+AY10-AW10+BH10-BF10+BQ10-BO10+BZ10-BX10+CI10-CG10+CR10-CP10+DB10-CZ10+DK10-DI10+DT10-DR10-CU10 -> 0 | EC10: =T10+AC10+AO10+BG10+BP10+BY10+CH10+CQ10+DA10+DA10+DJ10+DS10 -> 0 | ED10: =P10+Y10+AK10+AT10+BC10+BL10+BU10+CD10+CM10+CW10+DF10+DO10 -> 0 | EE10: =Q10+Z10+AL10+AU10+BD10+BM10+BV10+CE10+CN10+CX10+DG10+DP10 -> 0 | EF10: =R10+AA10+AM10+AV10+BE10+BN10+BW10+CF10+CO10+CY10+DH10+DQ10 -> 0 | EG10: =V10+AE10+AQ10+AZ10+BI10+BR10+CA10+CJ10+CS10+DC10+DL10+DU10 -> 0
A11: 45401 | B11: 刘德智 | C11: 成都 | D11: 成都营销中心 | F11: 销售专员 | G11: 45378 | H11: 45378 | I11: 45292 | AP11: 8 | BB11: 1.73 | BC11: 0 | BD11: 1.73 | BE11: 8 | BF11: 0 | BG11: 8 | BH11: 0 | BI11: 0 | BJ11: 0 | BK11: 0 | BL11: 0
A12: 45401 | B12: 赵凯 | C12: 上海 | D12: 上海营销二部 | E12: 丁应强组 | F12: 销售专员 | G12: 45355 | H12: 45355 | I12: 45292 | AK12: 8 | DW12: =ROUND((TODAY()-I12)/365*5,2) -> 10.07 | DX12: =-AI12+AJ12+AS12+BB12+BK12+BT12+CC12+CL12+CV12+DE12+DN12 -> 0 | DY12: =DW12-DX12 -> 10.07 | DZ12: =T12+U12+AC12+AD12+AO12+AP12+AX12+AY12++BG12+BH12+BP12+BQ12+BY12+BZ12+CH12+CI12+CQ12+CR12+DA12+DB12+DJ12+DK12+DS12+DT12 -> 0 | EA12: =S12+AB12+AN12+AW12+BF12+BO12+BX12+CG12+CP12+CZ12+DI12+DR12 -> 0 | EB12: =J12+U12-S12+AD12-AB12+AP12-AN12+AY12-AW12+BH12-BF12+BQ12-BO12+BZ12-BX12+CI12-CG12+CR12-CP12+DB12-CZ12+DK12-DI12+DT12-DR12-CU12 -> 0 | EC12: =T12+AC12+AO12+BG12+BP12+BY12+CH12+CQ12+DA12+DA12+DJ12+DS12 -> 0 | ED12: =P12+Y12+AK12+AT12+BC12+BL12+BU12+CD12+CM12+CW12+DF12+DO12 -> 8 | EE12: =Q12+Z12+AL12+AU12+BD12+BM12+BV12+CE12+CN12+CX12+DG12+DP12 -> 0 | EF12: =R12+AA12+AM12+AV12+BE12+BN12+BW12+CF12+CO12+CY12+DH12+DQ12 -> 0 | EG12: =V12+AE12+AQ12+AZ12+BI12+BR12+CA12+CJ12+CS12+DC12+DL12+DU12 -> 0
A13: 45401 | B13: 贺世宏 | C13: 长沙 | D13: 长沙营销中心 | E13: 何双组 | F13: 销售专员 | G13: 45355 | H13: 45355 | I13: 45292 | DW13: =ROUND((TODAY()-I13)/365*5,2) -> 10.07 | DX13: =-AI13+AJ13+AS13+BB13+BK13+BT13+CC13+CL13+CV13+DE13+DN13 -> 0 | DY13: =DW13-DX13 -> 10.07 | DZ13: =T13+U13+AC13+AD13+AO13+AP13+AX13+AY13++BG13+BH13+BP13+BQ13+BY13+BZ13+CH13+CI13+CQ13+CR13+DA13+DB13+DJ13+DK13+DS13+DT13 -> 0 | EA13: =S13+AB13+AN13+AW13+BF13+BO13+BX13+CG13+CP13+CZ13+DI13+DR13 -> 0 | EB13: =J13+U13-S13+AD13-AB13+AP13-AN13+AY13-AW13+BH13-BF13+BQ13-BO13+BZ13-BX13+CI13-CG13+CR13-CP13+DB13-CZ13+DK13-DI13+DT13-DR13-CU13 -> 0 | EC13: =T13+AC13+AO13+BG13+BP13+BY13+CH13+CQ13+DA13+DA13+DJ13+DS13 -> 0 | ED13: =P13+Y13+AK13+AT13+BC13+BL13+BU13+CD13+CM13+CW13+DF13+DO13 -> 0 | EE13: =Q13+Z13+AL13+AU13+BD13+BM13+BV13+CE13+CN13+CX13+DG13+DP13 -> 0 | EF13: =R13+AA13+AM13+AV13+BE13+BN13+BW13+CF13+CO13+CY13+DH13+DQ13 -> 0 | EG13: =V13+AE13+AQ13+AZ13+BI13+BR13+CA13+CJ13+CS13+DC13+DL13+DU13 -> 0
A14: 45401 | B14: 卢豪 | C14: 上海 | D14: 产研一部 | E14: 教育组 | F14: 测试工程师 | G14: 45271 | H14: 45271 | I14: 45292 | J14: 0 | K14: =ROUND((I14-H14)/365*5,2) -> 0.29 | L14: 0 | M14: =K14-L14 -> 0.29 | N14: 0 | U14: 26 | X14: 0.5 | AB14: 25 | AC14: 8 | AG14: =O14+X14 -> 0.5 | AH14: =M14-AG14 -> -0.21 | AI14: =IF(AH14<0,AH14,0) -> -0.21 | AJ14: 0.5 | AO14: 8 | AS14: 0.5 | DW14: =ROUND((TODAY()-I14)/365*5,2) -> 10.07 | DX14: =-AI14+AJ14+AS14+BB14+BK14+BT14+CC14+CL14+CV14+DE14+DN14 -> 1.21 | DY14: =DW14-DX14 -> 8.86 | DZ14: =T14+U14+AC14+AD14+AO14+AP14+AX14+AY14++BG14+BH14+BP14+BQ14+BY14+BZ14+CH14+CI14+CQ14+CR14+DA14+DB14+DJ14+DK14+DS14+DT14 -> 42 | EA14: =S14+AB14+AN14+AW14+BF14+BO14+BX14+CG14+CP14+CZ14+DI14+DR14 -> 25 | EB14: =J14+U14-S14+AD14-AB14+AP14-AN14+AY14-AW14+BH14-BF14+BQ14-BO14+BZ14-BX14+CI14-CG14+CR14-CP14+DB14-CZ14+DK14-DI14+DT14-DR14-CU14 -> 1 | EC14: =T14+AC14+AO14+BG14+BP14+BY14+CH14+CQ14+DA14+DA14+DJ14+DS14 -> 16 | ED14: =P14+Y14+AK14+AT14+BC14+BL14+BU14+CD14+CM14+CW14+DF14+DO14 -> 0 | EE14: =Q14+Z14+AL14+AU14+BD14+BM14+BV14+CE14+CN14+CX14+DG14+DP14 -> 0 | EF14: =R14+AA14+AM14+AV14+BE14+BN14+BW14+CF14+CO14+CY14+DH14+DQ14 -> 0 | EG14: =V14+AE14+AQ14+AZ14+BI14+BR14+CA14+CJ14+CS14+DC14+DL14+DU14 -> 0
B15: 卢杭南 | C15: 厦门 | D15: 厦门营销一部 | E15: 刘益先组 | F15: 销售专员 | G15: 45383 | H15: 45383 | I15: 45292 | DW15: =ROUND((TODAY()-I15)/365*5,2) -> 10.07 | DX15: =-AI15+AJ15+AS15+BB15+BK15+BT15+CC15+CL15+CV15+DE15+DN15 -> 0 | DY15: =DW15-DX15 -> 10.07 | DZ15: =T15+U15+AC15+AD15+AO15+AP15+AX15+AY15++BG15+BH15+BP15+BQ15+BY15+BZ15+CH15+CI15+CQ15+CR15+DA15+DB15+DJ15+DK15+DS15+DT15 -> 0 | EA15: =S15+AB15+AN15+AW15+BF15+BO15+BX15+CG15+CP15+CZ15+DI15+DR15 -> 0 | EB15: =J15+U15-S15+AD15-AB15+AP15-AN15+AY15-AW15+BH15-BF15+BQ15-BO15+BZ15-BX15+CI15-CG15+CR15-CP15+DB15-CZ15+DK15-DI15+DT15-DR15-CU15 -> 0 | EC15: =T15+AC15+AO15+BG15+BP15+BY15+CH15+CQ15+DA15+DA15+DJ15+DS15 -> 0 | ED15: =P15+Y15+AK15+AT15+BC15+BL15+BU15+CD15+CM15+CW15+DF15+DO15 -> 0 | EE15: =Q15+Z15+AL15+AU15+BD15+BM15+BV15+CE15+CN15+CX15+DG15+DP15 -> 0 | EF15: =R15+AA15+AM15+AV15+BE15+BN15+BW15+CF15+CO15+CY15+DH15+DQ15 -> 0 | EG15: =V15+AE15+AQ15+AZ15+BI15+BR15+CA15+CJ15+CS15+DC15+DL15+DU15 -> 0
A16: 45420 | B16: 施伟豪 | C16: 厦门 | D16: 厦门营销二部 | E16: 许财杰组 | F16: 销售专员 | G16: 45384 | H16: 45384 | I16: 45292 | AT16: 2 | DW16: =ROUND((TODAY()-I16)/365*5,2) -> 10.07 | DX16: =-AI16+AJ16+AS16+BB16+BK16+BT16+CC16+CL16+CV16+DE16+DN16 -> 0 | DY16: =DW16-DX16 -> 10.07 | DZ16: =T16+U16+AC16+AD16+AO16+AP16+AX16+AY16++BG16+BH16+BP16+BQ16+BY16+BZ16+CH16+CI16+CQ16+CR16+DA16+DB16+DJ16+DK16+DS16+DT16 -> 0 | EA16: =S16+AB16+AN16+AW16+BF16+BO16+BX16+CG16+CP16+CZ16+DI16+DR16 -> 0 | EB16: =J16+U16-S16+AD16-AB16+AP16-AN16+AY16-AW16+BH16-BF16+BQ16-BO16+BZ16-BX16+CI16-CG16+CR16-CP16+DB16-CZ16+DK16-DI16+DT16-DR16-CU16 -> 0 | EC16: =T16+AC16+AO16+BG16+BP16+BY16+CH16+CQ16+DA16+DA16+DJ16+DS16 -> 0 | ED16: =P16+Y16+AK16+AT16+BC16+BL16+BU16+CD16+CM16+CW16+DF16+DO16 -> 2 | EE16: =Q16+Z16+AL16+AU16+BD16+BM16+BV16+CE16+CN16+CX16+DG16+DP16 -> 0 | EF16: =R16+AA16+AM16+AV16+BE16+BN16+BW16+CF16+CO16+CY16+DH16+DQ16 -> 0 | EG16: =V16+AE16+AQ16+AZ16+BI16+BR16+CA16+CJ16+CS16+DC16+DL16+DU16 -> 0
A17: 45421 | B17: 孙瑞 | C17: 厦门 | D17: 厦门营销一部 | E17: 刘益先组 | F17: 销售专员 | G17: 45397 | H17: 45397 | I17: 45292 | DW17: =ROUND((TODAY()-I17)/365*5,2) -> 10.07 | DX17: =-AI17+AJ17+AS17+BB17+BK17+BT17+CC17+CL17+CV17+DE17+DN17 -> 0 | DY17: =DW17-DX17 -> 10.07 | DZ17: =T17+U17+AC17+AD17+AO17+AP17+AX17+AY17++BG17+BH17+BP17+BQ17+BY17+BZ17+CH17+CI17+CQ17+CR17+DA17+DB17+DJ17+DK17+DS17+DT17 -> 0 | EA17: =S17+AB17+AN17+AW17+BF17+BO17+BX17+CG17+CP17+CZ17+DI17+DR17 -> 0 | EB17: =J17+U17-S17+AD17-AB17+AP17-AN17+AY17-AW17+BH17-BF17+BQ17-BO17+BZ17-BX17+CI17-CG17+CR17-CP17+DB17-CZ17+DK17-DI17+DT17-DR17-CU17 -> 0 | EC17: =T17+AC17+AO17+BG17+BP17+BY17+CH17+CQ17+DA17+DA17+DJ17+DS17 -> 0 | ED17: =P17+Y17+AK17+AT17+BC17+BL17+BU17+CD17+CM17+CW17+DF17+DO17 -> 0 | EE17: =Q17+Z17+AL17+AU17+BD17+BM17+BV17+CE17+CN17+CX17+DG17+DP17 -> 0 | EF17: =R17+AA17+AM17+AV17+BE17+BN17+BW17+CF17+CO17+CY17+DH17+DQ17 -> 0 | EG17: =V17+AE17+AQ17+AZ17+BI17+BR17+CA17+CJ17+CS17+DC17+DL17+DU17 -> 0
A18: 45421 | B18: 黄婷婷 | C18: 厦门 | D18: 厦门营销一部 | E18: 刘益先组 | F18: 销售专员 | G18: 45369 | H18: 45369 | I18: 45292 | DW18: =ROUND((TODAY()-I18)/365*5,2) -> 10.07 | DX18: =-AI18+AJ18+AS18+BB18+BK18+BT18+CC18+CL18+CV18+DE18+DN18 -> 0 | DY18: =DW18-DX18 -> 10.07 | DZ18: =T18+U18+AC18+AD18+AO18+AP18+AX18+AY18++BG18+BH18+BP18+BQ18+BY18+BZ18+CH18+CI18+CQ18+CR18+DA18+DB18+DJ18+DK18+DS18+DT18 -> 0 | EA18: =S18+AB18+AN18+AW18+BF18+BO18+BX18+CG18+CP18+CZ18+DI18+DR18 -> 0 | EB18: =J18+U18-S18+AD18-AB18+AP18-AN18+AY18-AW18+BH18-BF18+BQ18-BO18+BZ18-BX18+CI18-CG18+CR18-CP18+DB18-CZ18+DK18-DI18+DT18-DR18-CU18 -> 0 | EC18: =T18+AC18+AO18+BG18+BP18+BY18+CH18+CQ18+DA18+DA18+DJ18+DS18 -> 0 | ED18: =P18+Y18+AK18+AT18+BC18+BL18+BU18+CD18+CM18+CW18+DF18+DO18 -> 0 | EE18: =Q18+Z18+AL18+AU18+BD18+BM18+BV18+CE18+CN18+CX18+DG18+DP18 -> 0 | EF18: =R18+AA18+AM18+AV18+BE18+BN18+BW18+CF18+CO18+CY18+DH18+DQ18 -> 0 | EG18: =V18+AE18+AQ18+AZ18+BI18+BR18+CA18+CJ18+CS18+DC18+DL18+DU18 -> 0
A19: 45442 | B19: 钮敏敏 | C19: 郑州 | D19: 郑州营销中心 | E19: 菅丽萍组 | F19: 销售专员 | G19: 45102 | H19: 45102 | I19: 45292 | J19: 0 | K19: =ROUND((I19-H19)/365*5,2) -> 2.6 | L19: 0 | M19: =K19-L19 -> 2.6 | N19: 0 | AG19: =O19+X19 -> 0 | AH19: =M19-AG19 -> 2.6 | AI19: =IF(AH19<0,AH19,0) -> 0 | DW19: =ROUND((TODAY()-I19)/365*5,2) -> 10.07 | DX19: =-AI19+AJ19+AS19+BB19+BK19+BT19+CC19+CL19+CV19+DE19+DN19 -> 0 | DY19: =DW19-DX19 -> 10.07 | DZ19: =T19+U19+AC19+AD19+AO19+AP19+AX19+AY19++BG19+BH19+BP19+BQ19+BY19+BZ19+CH19+CI19+CQ19+CR19+DA19+DB19+DJ19+DK19+DS19+DT19 -> 0 | EA19: =S19+AB19+AN19+AW19+BF19+BO19+BX19+CG19+CP19+CZ19+DI19+DR19 -> 0 | EB19: =J19+U19-S19+AD19-AB19+AP19-AN19+AY19-AW19+BH19-BF19+BQ19-BO19+BZ19-BX19+CI19-CG19+CR19-CP19+DB19-CZ19+DK19-DI19+DT19-DR19-CU19 -> 0 | EC19: =T19+AC19+AO19+BG19+BP19+BY19+CH19+CQ19+DA19+DA19+DJ19+DS19 -> 0 | ED19: =P19+Y19+AK19+AT19+BC19+BL19+BU19+CD19+CM19+CW19+DF19+DO19 -> 0 | EE19: =Q19+Z19+AL19+AU19+BD19+BM19+BV19+CE19+CN19+CX19+DG19+DP19 -> 0 | EF19: =R19+AA19+AM19+AV19+BE19+BN19+BW19+CF19+CO19+CY19+DH19+DQ19 -> 0 | EG19: =V19+AE19+AQ19+AZ19+BI19+BR19+CA19+CJ19+CS19+DC19+DL19+DU19 -> 0
A20: 45433 | B20: 翟宇 | C20: 上海 | D20: 上海营销二部 | E20: 刘伦星组 | F20: 销售专员 | G20: 45383 | H20: 45383 | I20: 45383 | AU20: 1 | DW20: =ROUND((TODAY()-I20)/365*5,2) -> 8.82 | DX20: =-AI20+AJ20+AS20+BB20+BK20+BT20+CC20+CL20+CV20+DE20+DN20 -> 0 | DY20: =DW20-DX20 -> 8.82 | DZ20: =T20+U20+AC20+AD20+AO20+AP20+AX20+AY20++BG20+BH20+BP20+BQ20+BY20+BZ20+CH20+CI20+CQ20+CR20+DA20+DB20+DJ20+DK20+DS20+DT20 -> 0 | EA20: =S20+AB20+AN20+AW20+BF20+BO20+BX20+CG20+CP20+CZ20+DI20+DR20 -> 0 | EB20: =J20+U20-S20+AD20-AB20+AP20-AN20+AY20-AW20+BH20-BF20+BQ20-BO20+BZ20-BX20+CI20-CG20+CR20-CP20+DB20-CZ20+DK20-DI20+DT20-DR20-CU20 -> 0 | EC20: =T20+AC20+AO20+BG20+BP20+BY20+CH20+CQ20+DA20+DA20+DJ20+DS20 -> 0 | ED20: =P20+Y20+AK20+AT20+BC20+BL20+BU20+CD20+CM20+CW20+DF20+DO20 -> 0 | EE20: =Q20+Z20+AL20+AU20+BD20+BM20+BV20+CE20+CN20+CX20+DG20+DP20 -> 1 | EF20: =R20+AA20+AM20+AV20+BE20+BN20+BW20+CF20+CO20+CY20+DH20+DQ20 -> 0 | EG20: =V20+AE20+AQ20+AZ20+BI20+BR20+CA20+CJ20+CS20+DC20+DL20+DU20 -> 0
A21: 45429 | B21: 李芳芳 | C21: 上海 | D21: 上海营销三部 | E21: 万建国组 | F21: 销售专员 | G21: 45369 | H21: 45369 | I21: 45369 | DW21: =ROUND((TODAY()-I21)/365*5,2) -> 9.01 | DX21: =-AI21+AJ21+AS21+BB21+BK21+BT21+CC21+CL21+CV21+DE21+DN21 -> 0 | DY21: =DW21-DX21 -> 9.01 | DZ21: =T21+U21+AC21+AD21+AO21+AP21+AX21+AY21++BG21+BH21+BP21+BQ21+BY21+BZ21+CH21+CI21+CQ21+CR21+DA21+DB21+DJ21+DK21+DS21+DT21 -> 0 | EA21: =S21+AB21+AN21+AW21+BF21+BO21+BX21+CG21+CP21+CZ21+DI21+DR21 -> 0 | EB21: =J21+U21-S21+AD21-AB21+AP21-AN21+AY21-AW21+BH21-BF21+BQ21-BO21+BZ21-BX21+CI21-CG21+CR21-CP21+DB21-CZ21+DK21-DI21+DT21-DR21-CU21 -> 0 | EC21: =T21+AC21+AO21+BG21+BP21+BY21+CH21+CQ21+DA21+DA21+DJ21+DS21 -> 0 | ED21: =P21+Y21+AK21+AT21+BC21+BL21+BU21+CD21+CM21+CW21+DF21+DO21 -> 0 | EE21: =Q21+Z21+AL21+AU21+BD21+BM21+BV21+CE21+CN21+CX21+DG21+DP21 -> 0 | EF21: =R21+AA21+AM21+AV21+BE21+BN21+BW21+CF21+CO21+CY21+DH21+DQ21 -> 0 | EG21: =V21+AE21+AQ21+AZ21+BI21+BR21+CA21+CJ21+CS21+DC21+DL21+DU21 -> 0
